[{"pk": 1, "model": "geo.video", "fields": {"video": "upload/2012/06/14/v3_1.ogv"}}, {"pk": 2, "model": "geo.video", "fields": {"video": "upload/2012/06/14/v3_2.ogv"}}, {"pk": 3, "model": "geo.video", "fields": {"video": "upload/2012/06/14/v6.ogv"}}, {"pk": 4, "model": "geo.video", "fields": {"video": "upload/2012/06/14/v4.ogv"}}, {"pk": 5, "model": "geo.video", "fields": {"video": "upload/2012/06/14/v2.ogv"}}, {"pk": 6, "model": "geo.video", "fields": {"video": "upload/2012/06/14/v1.ogv"}}, {"pk": 7, "model": "geo.video", "fields": {"video": "upload/2012/06/14/v5.ogv"}}, {"pk": 1, "model": "geo.mappoint", "fields": {"lat": "49.48475080000000000000000000", "lon": "8.46342050000000000000000000", "address": "Schloss, Kurpfalzstra\u00dfe, Innenstadt, Mannheim, Regierungsbezirk Karlsruhe, Baden-W\u00fcrttemberg, 68159, Federal Republic of Germany (land mass)"}}, {"pk": 2, "model": "geo.mappoint", "fields": {"lat": "49.48545803019810000000000000", "lon": "8.46366630032773000000000000", "address": "Handwerkskammer Mannheim Rhein-Neckar-Odenwald, Kurpfalzstra\u00dfe, Innenstadt, Mannheim, Regierungsbezirk Karlsruhe, Baden-W\u00fcrttemberg, 68159, Federal Republic of Germany (land mass)"}}, {"pk": 3, "model": "geo.mappoint", "fields": {"lat": "49.48573117724300000000000000", "lon": "8.46401515857389000000000000", "address": "B1, 3-5, Kurpfalzstra\u00dfe, Innenstadt, Mannheim, Regierungsbezirk Karlsruhe, Baden-W\u00fcrttemberg, 68159, Federal Republic of Germany (land mass)"}}, {"pk": 4, "model": "geo.mappoint", "fields": {"lat": "49.48595630000000000000000000", "lon": "8.46424310000000000000000000", "address": "Caf\u00e9 Sammo, Kurpfalzstra\u00dfe, Innenstadt, Mannheim, Regierungsbezirk Karlsruhe, Baden-W\u00fcrttemberg, 68159, Federal Republic of Germany (land mass)"}}, {"pk": 5, "model": "geo.mappoint", "fields": {"lat": "49.48605740000000000000000000", "lon": "8.46431550000000000000000000", "address": "WOHNSTUDIO ANKE LAIER, Kurpfalzstra\u00dfe, Innenstadt, Mannheim, Regierungsbezirk Karlsruhe, Baden-W\u00fcrttemberg, 68159, Federal Republic of Germany (land mass)"}}, {"pk": 6, "model": "geo.mappoint", "fields": {"lat": "49.48622310000000000000000000", "lon": "8.46458650000000000000000000", "address": "B\u00fcro Krumb, Kurpfalzstra\u00dfe, Innenstadt, Mannheim, Regierungsbezirk Karlsruhe, Baden-W\u00fcrttemberg, 68159, Federal Republic of Germany (land mass)"}}, {"pk": 7, "model": "geo.mappoint", "fields": {"lat": "49.48666110000000000000000000", "lon": "8.46490970000000000000000000", "address": "Dr. Barthel (Allgemein- und Sportmedizin), 4, Kurpfalzstra\u00dfe, Innenstadt, Mannheim, Regierungsbezirk Karlsruhe, Baden-W\u00fcrttemberg, 68159, Federal Republic of Germany (land mass)"}}, {"pk": 8, "model": "geo.mappoint", "fields": {"lat": "49.48697030000000000000000000", "lon": "8.46517510000000000000000000", "address": "Thalia, Kurpfalzstra\u00dfe, Innenstadt, Mannheim, Regierungsbezirk Karlsruhe, Baden-W\u00fcrttemberg, 68159, Federal Republic of Germany (land mass)"}}, {"pk": 9, "model": "geo.mappoint", "fields": {"lat": "49.48730130000000000000000000", "lon": "8.46543270000000000000000000", "address": "Sparkasse, Kurpfalzstra\u00dfe, Innenstadt, Mannheim, Regierungsbezirk Karlsruhe, Baden-W\u00fcrttemberg, 68159, Federal Republic of Germany (land mass)"}}, {"pk": 10, "model": "geo.mappoint", "fields": {"lat": "49.48734830000000000000000000", "lon": "8.46585290000000000000000000", "address": "Paradeplatz, Kurpfalzstra\u00dfe, Innenstadt, Mannheim, Regierungsbezirk Karlsruhe, Baden-W\u00fcrttemberg, 68159, Federal Republic of Germany (land mass)"}}, {"pk": 11, "model": "geo.mappoint", "fields": {"lat": "49.48801020000000000000000000", "lon": "8.46612290000000000000000000", "address": "H&M, Planken, Innenstadt, Mannheim, Regierungsbezirk Karlsruhe, Baden-W\u00fcrttemberg, 68161, Federal Republic of Germany (land mass)"}}, {"pk": 12, "model": "geo.mappoint", "fields": {"lat": "49.48813850000000000000000000", "lon": "8.46625760000000000000000000", "address": "Deichmann, Kurpfalzstra\u00dfe, Innenstadt, Mannheim, Regierungsbezirk Karlsruhe, Baden-W\u00fcrttemberg, 68159, Federal Republic of Germany (land mass)"}}, {"pk": 13, "model": "geo.mappoint", "fields": {"lat": "49.48836650000000000000000000", "lon": "8.46648220000000000000000000", "address": "Rossmann, 15, Kurpfalzstra\u00dfe, Innenstadt, Mannheim, Regierungsbezirk Karlsruhe, Baden-W\u00fcrttemberg, 68159, Federal Republic of Germany (land mass)"}}, {"pk": 14, "model": "geo.mappoint", "fields": {"lat": "49.48856200000000000000000000", "lon": "8.46668890000000000000000000", "address": "Dr. Etje Sanden, Kurpfalzstra\u00dfe, Innenstadt, Mannheim, Regierungsbezirk Karlsruhe, Baden-W\u00fcrttemberg, 68159, Federal Republic of Germany (land mass)"}}, {"pk": 15, "model": "geo.mappoint", "fields": {"lat": "49.48840810000000000000000000", "lon": "8.46703830000000000000000000", "address": "Labelstore by Juwelier Wenthe, Fressgasse, Innenstadt, Mannheim, Regierungsbezirk Karlsruhe, Baden-W\u00fcrttemberg, 68159, Federal Republic of Germany (land mass)"}}, {"pk": 16, "model": "geo.mappoint", "fields": {"lat": "49.48847850000000000000000000", "lon": "8.46710860000000000000000000", "address": "Side Step, Kurpfalzstra\u00dfe, Innenstadt, Mannheim, Regierungsbezirk Karlsruhe, Baden-W\u00fcrttemberg, 68159, Federal Republic of Germany (land mass)"}}, {"pk": 17, "model": "geo.mappoint", "fields": {"lat": "49.48888840000000000000000000", "lon": "8.46695000000000000000000000", "address": "Leo's Jeans, Kurpfalzstra\u00dfe, Innenstadt, Mannheim, Regierungsbezirk Karlsruhe, Baden-W\u00fcrttemberg, 68159, Federal Republic of Germany (land mass)"}}, {"pk": 18, "model": "geo.mappoint", "fields": {"lat": "49.48898480000000000000000000", "lon": "8.46701650000000000000000000", "address": "Big Pom GmbH, Kurpfalzstra\u00dfe, Innenstadt, Mannheim, Regierungsbezirk Karlsruhe, Baden-W\u00fcrttemberg, 68159, Federal Republic of Germany (land mass)"}}, {"pk": 19, "model": "geo.mappoint", "fields": {"lat": "49.48912235844800000000000000", "lon": "8.46710927401241000000000000", "address": "Altes Rathaus, Marktplatz (G1), Innenstadt, Mannheim, Regierungsbezirk Karlsruhe, Baden-W\u00fcrttemberg, 68159, Federal Republic of Germany (land mass)"}}, {"pk": 20, "model": "geo.mappoint", "fields": {"lat": "49.48913990970630000000000000", "lon": "8.46785495310334000000000000", "address": "R1, 1, Marktplatz (G1), Innenstadt, Mannheim, Regierungsbezirk Karlsruhe, Baden-W\u00fcrttemberg, 68159, Federal Republic of Germany (land mass)"}}, {"pk": 21, "model": "geo.mappoint", "fields": {"lat": "49.48951570000000000000000000", "lon": "8.46785900000000000000000000", "address": "Marktplatz, Marktplatz (G1), Innenstadt, Mannheim, Regierungsbezirk Karlsruhe, Baden-W\u00fcrttemberg, 68159, Federal Republic of Germany (land mass)"}}, {"pk": 22, "model": "geo.mappoint", "fields": {"lat": "49.48475080000000000000000000", "lon": "8.46342050000000000000000000", "address": "Schloss, Kurpfalzstra\u00dfe, Innenstadt, Mannheim, Regierungsbezirk Karlsruhe, Baden-W\u00fcrttemberg, 68159, Federal Republic of Germany (land mass)"}}, {"pk": 23, "model": "geo.mappoint", "fields": {"lat": "49.48489009362320000000000000", "lon": "8.46415793278480000000000000", "address": "IHK Rhein-Neckar, Kurpfalzstra\u00dfe, Innenstadt, Mannheim, Regierungsbezirk Karlsruhe, Baden-W\u00fcrttemberg, 68159, Federal Republic of Germany (land mass)"}}, {"pk": 24, "model": "geo.mappoint", "fields": {"lat": "49.48522070000000000000000000", "lon": "8.46418930000000000000000000", "address": "Seyfarth Einrichtungen, Kurpfalzstra\u00dfe, Innenstadt, Mannheim, Regierungsbezirk Karlsruhe, Baden-W\u00fcrttemberg, 68159, Federal Republic of Germany (land mass)"}}, {"pk": 25, "model": "geo.mappoint", "fields": {"lat": "49.48566000000000000000000000", "lon": "8.46441670000000000000000000", "address": "Parkhaus N1, Kurpfalzstra\u00dfe, Innenstadt, Mannheim, Regierungsbezirk Karlsruhe, Baden-W\u00fcrttemberg, 68159, Federal Republic of Germany (land mass)"}}, {"pk": 26, "model": "geo.mappoint", "fields": {"lat": "49.48561970000000000000000000", "lon": "8.46454600000000000000000000", "address": "BBBank, Kurpfalzstra\u00dfe, Innenstadt, Mannheim, Regierungsbezirk Karlsruhe, Baden-W\u00fcrttemberg, 68159, Federal Republic of Germany (land mass)"}}, {"pk": 27, "model": "geo.mappoint", "fields": {"lat": "49.48622310000000000000000000", "lon": "8.46458650000000000000000000", "address": "B\u00fcro Krumb, Kurpfalzstra\u00dfe, Innenstadt, Mannheim, Regierungsbezirk Karlsruhe, Baden-W\u00fcrttemberg, 68159, Federal Republic of Germany (land mass)"}}, {"pk": 28, "model": "geo.mappoint", "fields": {"lat": "49.48620470000000000000000000", "lon": "8.46506750000000000000000000", "address": "N eins lounge, Kurpfalzstra\u00dfe, Innenstadt, Mannheim, Regierungsbezirk Karlsruhe, Baden-W\u00fcrttemberg, 68159, Federal Republic of Germany (land mass)"}}, {"pk": 29, "model": "geo.mappoint", "fields": {"lat": "49.48640755378710000000000000", "lon": "8.46561299191116000000000000", "address": "Stadthaus N1, Kurpfalzstra\u00dfe, Innenstadt, Mannheim, Regierungsbezirk Karlsruhe, Baden-W\u00fcrttemberg, 68159, Federal Republic of Germany (land mass)"}}, {"pk": 30, "model": "geo.mappoint", "fields": {"lat": "49.48618020000000000000000000", "lon": "8.46564320000000000000000000", "address": "Stadtbibliothek Mannheim, Kurpfalzstra\u00dfe, Innenstadt, Mannheim, Regierungsbezirk Karlsruhe, Baden-W\u00fcrttemberg, 68159, Federal Republic of Germany (land mass)"}}, {"pk": 31, "model": "geo.mappoint", "fields": {"lat": "49.48545803019810000000000000", "lon": "8.46366630032773000000000000", "address": "Handwerkskammer Mannheim Rhein-Neckar-Odenwald, Kurpfalzstra\u00dfe, Innenstadt, Mannheim, Regierungsbezirk Karlsruhe, Baden-W\u00fcrttemberg, 68159, Federal Republic of Germany (land mass)"}}, {"pk": 32, "model": "geo.mappoint", "fields": {"lat": "49.48573117724300000000000000", "lon": "8.46401515857389000000000000", "address": "B1, 3-5, Kurpfalzstra\u00dfe, Innenstadt, Mannheim, Regierungsbezirk Karlsruhe, Baden-W\u00fcrttemberg, 68159, Federal Republic of Germany (land mass)"}}, {"pk": 33, "model": "geo.mappoint", "fields": {"lat": "49.48595630000000000000000000", "lon": "8.46424310000000000000000000", "address": "Caf\u00e9 Sammo, Kurpfalzstra\u00dfe, Innenstadt, Mannheim, Regierungsbezirk Karlsruhe, Baden-W\u00fcrttemberg, 68159, Federal Republic of Germany (land mass)"}}, {"pk": 34, "model": "geo.mappoint", "fields": {"lat": "49.48605740000000000000000000", "lon": "8.46431550000000000000000000", "address": "WOHNSTUDIO ANKE LAIER, Kurpfalzstra\u00dfe, Innenstadt, Mannheim, Regierungsbezirk Karlsruhe, Baden-W\u00fcrttemberg, 68159, Federal Republic of Germany (land mass)"}}, {"pk": 35, "model": "geo.mappoint", "fields": {"lat": "49.48622310000000000000000000", "lon": "8.46458650000000000000000000", "address": "B\u00fcro Krumb, Kurpfalzstra\u00dfe, Innenstadt, Mannheim, Regierungsbezirk Karlsruhe, Baden-W\u00fcrttemberg, 68159, Federal Republic of Germany (land mass)"}}, {"pk": 36, "model": "geo.mappoint", "fields": {"lat": "49.48620470000000000000000000", "lon": "8.46506750000000000000000000", "address": "N eins lounge, Kurpfalzstra\u00dfe, Innenstadt, Mannheim, Regierungsbezirk Karlsruhe, Baden-W\u00fcrttemberg, 68159, Federal Republic of Germany (land mass)"}}, {"pk": 37, "model": "geo.mappoint", "fields": {"lat": "49.48666110000000000000000000", "lon": "8.46490970000000000000000000", "address": "Dr. Barthel (Allgemein- und Sportmedizin), 4, Kurpfalzstra\u00dfe, Innenstadt, Mannheim, Regierungsbezirk Karlsruhe, Baden-W\u00fcrttemberg, 68159, Federal Republic of Germany (land mass)"}}, {"pk": 38, "model": "geo.mappoint", "fields": {"lat": "49.48680290000000000000000000", "lon": "8.46501970000000000000000000", "address": "HypoVereinsbank, Kurpfalzstra\u00dfe, Innenstadt, Mannheim, Regierungsbezirk Karlsruhe, Baden-W\u00fcrttemberg, 68159, Federal Republic of Germany (land mass)"}}, {"pk": 39, "model": "geo.mappoint", "fields": {"lat": "49.48697030000000000000000000", "lon": "8.46517510000000000000000000", "address": "Thalia, Kurpfalzstra\u00dfe, Innenstadt, Mannheim, Regierungsbezirk Karlsruhe, Baden-W\u00fcrttemberg, 68159, Federal Republic of Germany (land mass)"}}, {"pk": 40, "model": "geo.mappoint", "fields": {"lat": "49.48683850000000000000000000", "lon": "8.46556550000000000000000000", "address": "RNV Kundenzentrum Mannheim, Kunststra\u00dfe, Innenstadt, Mannheim, Regierungsbezirk Karlsruhe, Baden-W\u00fcrttemberg, 68159, Federal Republic of Germany (land mass)"}}, {"pk": 41, "model": "geo.mappoint", "fields": {"lat": "49.48730130000000000000000000", "lon": "8.46543270000000000000000000", "address": "Sparkasse, Kurpfalzstra\u00dfe, Innenstadt, Mannheim, Regierungsbezirk Karlsruhe, Baden-W\u00fcrttemberg, 68159, Federal Republic of Germany (land mass)"}}, {"pk": 42, "model": "geo.mappoint", "fields": {"lat": "49.48734830000000000000000000", "lon": "8.46585290000000000000000000", "address": "Paradeplatz, Kurpfalzstra\u00dfe, Innenstadt, Mannheim, Regierungsbezirk Karlsruhe, Baden-W\u00fcrttemberg, 68159, Federal Republic of Germany (land mass)"}}, {"pk": 43, "model": "geo.mappoint", "fields": {"lat": "49.48716334442440000000000000", "lon": "8.46626688000817000000000000", "address": "Paradeplatz (O1), Planken, Innenstadt, Mannheim, Regierungsbezirk Karlsruhe, Baden-W\u00fcrttemberg, 68161, Federal Republic of Germany (land mass)"}}, {"pk": 44, "model": "geo.mappoint", "fields": {"lat": "49.48801020000000000000000000", "lon": "8.46612290000000000000000000", "address": "H&M, Planken, Innenstadt, Mannheim, Regierungsbezirk Karlsruhe, Baden-W\u00fcrttemberg, 68161, Federal Republic of Germany (land mass)"}}, {"pk": 45, "model": "geo.mappoint", "fields": {"lat": "49.48813850000000000000000000", "lon": "8.46625760000000000000000000", "address": "Deichmann, Kurpfalzstra\u00dfe, Innenstadt, Mannheim, Regierungsbezirk Karlsruhe, Baden-W\u00fcrttemberg, 68159, Federal Republic of Germany (land mass)"}}, {"pk": 46, "model": "geo.mappoint", "fields": {"lat": "49.48821540000000000000000000", "lon": "8.46632950000000000000000000", "address": "fitness & workout: Fitnessstudio VeniceBeach, Kurpfalzstra\u00dfe, Innenstadt, Mannheim, Regierungsbezirk Karlsruhe, Baden-W\u00fcrttemberg, 68159, Federal Republic of Germany (land mass)"}}, {"pk": 47, "model": "geo.mappoint", "fields": {"lat": "49.48836650000000000000000000", "lon": "8.46648220000000000000000000", "address": "Rossmann, 15, Kurpfalzstra\u00dfe, Innenstadt, Mannheim, Regierungsbezirk Karlsruhe, Baden-W\u00fcrttemberg, 68159, Federal Republic of Germany (land mass)"}}, {"pk": 48, "model": "geo.mappoint", "fields": {"lat": "49.48856200000000000000000000", "lon": "8.46668890000000000000000000", "address": "Dr. Etje Sanden, Kurpfalzstra\u00dfe, Innenstadt, Mannheim, Regierungsbezirk Karlsruhe, Baden-W\u00fcrttemberg, 68159, Federal Republic of Germany (land mass)"}}, {"pk": 49, "model": "geo.mappoint", "fields": {"lat": "49.48840810000000000000000000", "lon": "8.46703830000000000000000000", "address": "Labelstore by Juwelier Wenthe, Fressgasse, Innenstadt, Mannheim, Regierungsbezirk Karlsruhe, Baden-W\u00fcrttemberg, 68159, Federal Republic of Germany (land mass)"}}, {"pk": 50, "model": "geo.mappoint", "fields": {"lat": "49.48862396809870000000000000", "lon": "8.46723943585206000000000000", "address": "Promod, 4, Kurpfalzstra\u00dfe, Innenstadt, Mannheim, Regierungsbezirk Karlsruhe, Baden-W\u00fcrttemberg, 68159, Federal Republic of Germany (land mass)"}}, {"pk": 51, "model": "geo.mappoint", "fields": {"lat": "49.48890841780360000000000000", "lon": "8.46693354202703000000000000", "address": "Optik am Markt, 4a, Kurpfalzstra\u00dfe, Innenstadt, Mannheim, Regierungsbezirk Karlsruhe, Baden-W\u00fcrttemberg, 68159, Federal Republic of Germany (land mass)"}}, {"pk": 52, "model": "geo.mappoint", "fields": {"lat": "49.48900441542920000000000000", "lon": "8.46697622426437000000000000", "address": "7, Kurpfalzstra\u00dfe, Innenstadt, Mannheim, Regierungsbezirk Karlsruhe, Baden-W\u00fcrttemberg, 68159, Federal Republic of Germany (land mass)"}}, {"pk": 53, "model": "geo.mappoint", "fields": {"lat": "49.48912235844800000000000000", "lon": "8.46710927401241000000000000", "address": "Altes Rathaus, Marktplatz (G1), Innenstadt, Mannheim, Regierungsbezirk Karlsruhe, Baden-W\u00fcrttemberg, 68159, Federal Republic of Germany (land mass)"}}, {"pk": 54, "model": "geo.mappoint", "fields": {"lat": "49.48913990970630000000000000", "lon": "8.46785495310334000000000000", "address": "R1, 1, Marktplatz (G1), Innenstadt, Mannheim, Regierungsbezirk Karlsruhe, Baden-W\u00fcrttemberg, 68159, Federal Republic of Germany (land mass)"}}, {"pk": 55, "model": "geo.mappoint", "fields": {"lat": "49.48475080000000000000000000", "lon": "8.46342050000000000000000000", "address": "Schloss, Kurpfalzstra\u00dfe, Innenstadt, Mannheim, Regierungsbezirk Karlsruhe, Baden-W\u00fcrttemberg, 68159, Federal Republic of Germany (land mass)"}}, {"pk": 56, "model": "geo.mappoint", "fields": {"lat": "49.48545803019810000000000000", "lon": "8.46366630032773000000000000", "address": "Handwerkskammer Mannheim Rhein-Neckar-Odenwald, Kurpfalzstra\u00dfe, Innenstadt, Mannheim, Regierungsbezirk Karlsruhe, Baden-W\u00fcrttemberg, 68159, Federal Republic of Germany (land mass)"}}, {"pk": 57, "model": "geo.mappoint", "fields": {"lat": "49.48573117724300000000000000", "lon": "8.46401515857389000000000000", "address": "B1, 3-5, Kurpfalzstra\u00dfe, Innenstadt, Mannheim, Regierungsbezirk Karlsruhe, Baden-W\u00fcrttemberg, 68159, Federal Republic of Germany (land mass)"}}, {"pk": 58, "model": "geo.mappoint", "fields": {"lat": "49.48595630000000000000000000", "lon": "8.46424310000000000000000000", "address": "Caf\u00e9 Sammo, Kurpfalzstra\u00dfe, Innenstadt, Mannheim, Regierungsbezirk Karlsruhe, Baden-W\u00fcrttemberg, 68159, Federal Republic of Germany (land mass)"}}, {"pk": 59, "model": "geo.mappoint", "fields": {"lat": "49.48605740000000000000000000", "lon": "8.46431550000000000000000000", "address": "WOHNSTUDIO ANKE LAIER, Kurpfalzstra\u00dfe, Innenstadt, Mannheim, Regierungsbezirk Karlsruhe, Baden-W\u00fcrttemberg, 68159, Federal Republic of Germany (land mass)"}}, {"pk": 60, "model": "geo.mappoint", "fields": {"lat": "49.48622310000000000000000000", "lon": "8.46458650000000000000000000", "address": "B\u00fcro Krumb, Kurpfalzstra\u00dfe, Innenstadt, Mannheim, Regierungsbezirk Karlsruhe, Baden-W\u00fcrttemberg, 68159, Federal Republic of Germany (land mass)"}}, {"pk": 61, "model": "geo.mappoint", "fields": {"lat": "49.48620470000000000000000000", "lon": "8.46506750000000000000000000", "address": "N eins lounge, Kurpfalzstra\u00dfe, Innenstadt, Mannheim, Regierungsbezirk Karlsruhe, Baden-W\u00fcrttemberg, 68159, Federal Republic of Germany (land mass)"}}, {"pk": 62, "model": "geo.mappoint", "fields": {"lat": "49.48642280000000000000000000", "lon": "8.46526090000000000000000000", "address": "RNV-Kundenzentrum, Kurpfalzstra\u00dfe, Innenstadt, Mannheim, Regierungsbezirk Karlsruhe, Baden-W\u00fcrttemberg, 68159, Federal Republic of Germany (land mass)"}}, {"pk": 63, "model": "geo.mappoint", "fields": {"lat": "49.48655180000000000000000000", "lon": "8.46525160000000000000000000", "address": "Gravis, Kurpfalzstra\u00dfe, Innenstadt, Mannheim, Regierungsbezirk Karlsruhe, Baden-W\u00fcrttemberg, 68159, Federal Republic of Germany (land mass)"}}, {"pk": 64, "model": "geo.mappoint", "fields": {"lat": "49.48678790000000000000000000", "lon": "8.46551460000000000000000000", "address": "Subway, Kurpfalzstra\u00dfe, Innenstadt, Mannheim, Regierungsbezirk Karlsruhe, Baden-W\u00fcrttemberg, 68159, Federal Republic of Germany (land mass)"}}, {"pk": 65, "model": "geo.mappoint", "fields": {"lat": "49.48683850000000000000000000", "lon": "8.46556550000000000000000000", "address": "RNV Kundenzentrum Mannheim, Kunststra\u00dfe, Innenstadt, Mannheim, Regierungsbezirk Karlsruhe, Baden-W\u00fcrttemberg, 68159, Federal Republic of Germany (land mass)"}}, {"pk": 66, "model": "geo.mappoint", "fields": {"lat": "49.48734830000000000000000000", "lon": "8.46585290000000000000000000", "address": "Paradeplatz, Kurpfalzstra\u00dfe, Innenstadt, Mannheim, Regierungsbezirk Karlsruhe, Baden-W\u00fcrttemberg, 68159, Federal Republic of Germany (land mass)"}}, {"pk": 67, "model": "geo.mappoint", "fields": {"lat": "49.48728160000000000000000000", "lon": "8.46706500000000000000000000", "address": "Planken, Innenstadt, Mannheim, Regierungsbezirk Karlsruhe, Baden-W\u00fcrttemberg, 68161, Federal Republic of Germany (land mass)"}}, {"pk": 68, "model": "geo.mappoint", "fields": {"lat": "49.48718780000000000000000000", "lon": "8.46724750000000000000000000", "address": "Geme Stop, Planken, Innenstadt, Mannheim, Regierungsbezirk Karlsruhe, Baden-W\u00fcrttemberg, 68161, Federal Republic of Germany (land mass)"}}, {"pk": 69, "model": "geo.mappoint", "fields": {"lat": "49.48703540000000000000000000", "lon": "8.46770870000000000000000000", "address": "Planken, Innenstadt, Mannheim, Regierungsbezirk Karlsruhe, Baden-W\u00fcrttemberg, 68161, Federal Republic of Germany (land mass)"}}, {"pk": 70, "model": "geo.mappoint", "fields": {"lat": "49.48673720000000000000000000", "lon": "8.46814940000000000000000000", "address": "Peek & Cloppenburg, Planken, Innenstadt, Mannheim, Regierungsbezirk Karlsruhe, Baden-W\u00fcrttemberg, 68161, Federal Republic of Germany (land mass)"}}, {"pk": 71, "model": "geo.mappoint", "fields": {"lat": "49.48711640000000000000000000", "lon": "8.46851730000000000000000000", "address": "Maredo, Planken, Innenstadt, Mannheim, Regierungsbezirk Karlsruhe, Baden-W\u00fcrttemberg, 68161, Federal Republic of Germany (land mass)"}}, {"pk": 72, "model": "geo.mappoint", "fields": {"lat": "49.48702610000000000000000000", "lon": "8.46874770000000000000000000", "address": "Pizza Hut, Planken, Innenstadt, Mannheim, Regierungsbezirk Karlsruhe, Baden-W\u00fcrttemberg, 68161, Federal Republic of Germany (land mass)"}}, {"pk": 73, "model": "geo.mappoint", "fields": {"lat": "49.48648940000000000000000000", "lon": "8.46893540000000000000000000", "address": "Fontanella, Planken, Innenstadt, Mannheim, Regierungsbezirk Karlsruhe, Baden-W\u00fcrttemberg, 68161, Federal Republic of Germany (land mass)"}}, {"pk": 74, "model": "geo.mappoint", "fields": {"lat": "49.48636730000000000000000000", "lon": "8.46926270000000000000000000", "address": "Snipes, Planken, Innenstadt, Mannheim, Regierungsbezirk Karlsruhe, Baden-W\u00fcrttemberg, 68161, Federal Republic of Germany (land mass)"}}, {"pk": 75, "model": "geo.mappoint", "fields": {"lat": "49.48651510279170000000000000", "lon": "8.46975039469699000000000000", "address": "1, Planken, Innenstadt, Mannheim, Regierungsbezirk Karlsruhe, Baden-W\u00fcrttemberg, 68161, Federal Republic of Germany (land mass)"}}, {"pk": 76, "model": "geo.mappoint", "fields": {"lat": "49.48561800000000000000000000", "lon": "8.47110000000000000000000000", "address": "7, Planken, Innenstadt, Mannheim, Regierungsbezirk Karlsruhe, Baden-W\u00fcrttemberg, 68161, Federal Republic of Germany (land mass)"}}, {"pk": 77, "model": "geo.mappoint", "fields": {"lat": "49.48540769878870000000000000", "lon": "8.47131477265937000000000000", "address": "4, O7, Innenstadt, Mannheim, Regierungsbezirk Karlsruhe, Baden-W\u00fcrttemberg, 68161, Federal Republic of Germany (land mass)"}}, {"pk": 78, "model": "geo.mappoint", "fields": {"lat": "49.48532387024720000000000000", "lon": "8.47169120979103000000000000", "address": "6, O7, Innenstadt, Mannheim, Regierungsbezirk Karlsruhe, Baden-W\u00fcrttemberg, 68161, Federal Republic of Germany (land mass)"}}, {"pk": 79, "model": "geo.mappoint", "fields": {"lat": "49.48526730000000000000000000", "lon": "8.47184590000000000000000000", "address": "H+M, 7-8, O7, Innenstadt, Mannheim, Regierungsbezirk Karlsruhe, Baden-W\u00fcrttemberg, 68161, Federal Republic of Germany (land mass)"}}, {"pk": 80, "model": "geo.mappoint", "fields": {"lat": "49.48520339788510000000000000", "lon": "8.47201602853728000000000000", "address": "7-8, O7, Innenstadt, Mannheim, Regierungsbezirk Karlsruhe, Baden-W\u00fcrttemberg, 68161, Federal Republic of Germany (land mass)"}}, {"pk": 81, "model": "geo.mappoint", "fields": {"lat": "49.48502119996420000000000000", "lon": "8.47243532440293000000000000", "address": "11, O7, Innenstadt, Mannheim, Regierungsbezirk Karlsruhe, Baden-W\u00fcrttemberg, 68161, Federal Republic of Germany (land mass)"}}, {"pk": 82, "model": "geo.mappoint", "fields": {"lat": "49.48497250000000000000000000", "lon": "8.47260100000000000000000000", "address": "Benetton, 11, O7, Innenstadt, Mannheim, Regierungsbezirk Karlsruhe, Baden-W\u00fcrttemberg, 68161, Federal Republic of Germany (land mass)"}}, {"pk": 83, "model": "geo.mappoint", "fields": {"lat": "49.48486148987270000000000000", "lon": "8.47285366439773000000000000", "address": "12, O7, Innenstadt, Mannheim, Regierungsbezirk Karlsruhe, Baden-W\u00fcrttemberg, 68161, Federal Republic of Germany (land mass)"}}, {"pk": 84, "model": "geo.mappoint", "fields": {"lat": "49.48473230520260000000000000", "lon": "8.47319320479891000000000000", "address": "13, O7, Innenstadt, Mannheim, Regierungsbezirk Karlsruhe, Baden-W\u00fcrttemberg, 68161, Federal Republic of Germany (land mass)"}}, {"pk": 85, "model": "geo.mappoint", "fields": {"lat": "49.48716334442440000000000000", "lon": "8.46626688000817000000000000", "address": "Paradeplatz (O1), Planken, Innenstadt, Mannheim, Regierungsbezirk Karlsruhe, Baden-W\u00fcrttemberg, 68161, Federal Republic of Germany (land mass)"}}, {"pk": 86, "model": "geo.mappoint", "fields": {"lat": "49.48712910000000000000000000", "lon": "8.46659170000000000000000000", "address": "Santander Bank, Planken, Innenstadt, Mannheim, Regierungsbezirk Karlsruhe, Baden-W\u00fcrttemberg, 68161, Federal Republic of Germany (land mass)"}}, {"pk": 87, "model": "geo.mappoint", "fields": {"lat": "49.48725760000000000000000000", "lon": "8.46701670000000000000000000", "address": "Planken, Innenstadt, Mannheim, Regierungsbezirk Karlsruhe, Baden-W\u00fcrttemberg, 68161, Federal Republic of Germany (land mass)"}}, {"pk": 88, "model": "geo.mappoint", "fields": {"lat": "49.48728160000000000000000000", "lon": "8.46706500000000000000000000", "address": "Planken, Innenstadt, Mannheim, Regierungsbezirk Karlsruhe, Baden-W\u00fcrttemberg, 68161, Federal Republic of Germany (land mass)"}}, {"pk": 89, "model": "geo.mappoint", "fields": {"lat": "49.48722620000000000000000000", "lon": "8.46713740000000000000000000", "address": "Wolsdorf Tabak, Planken, Innenstadt, Mannheim, Regierungsbezirk Karlsruhe, Baden-W\u00fcrttemberg, 68161, Federal Republic of Germany (land mass)"}}, {"pk": 90, "model": "geo.mappoint", "fields": {"lat": "49.48715130000000000000000000", "lon": "8.46734940000000000000000000", "address": "T-Punkt, Planken, Innenstadt, Mannheim, Regierungsbezirk Karlsruhe, Baden-W\u00fcrttemberg, 68161, Federal Republic of Germany (land mass)"}}, {"pk": 91, "model": "geo.mappoint", "fields": {"lat": "49.48741330000000000000000000", "lon": "8.46776670000000000000000000", "address": "L\u00f6wen Apotheke, Planken, Innenstadt, Mannheim, Regierungsbezirk Karlsruhe, Baden-W\u00fcrttemberg, 68161, Federal Republic of Germany (land mass)"}}, {"pk": 92, "model": "geo.mappoint", "fields": {"lat": "49.48750948832290000000000000", "lon": "8.46782432082762000000000000", "address": "Commerzbank, Planken, Innenstadt, Mannheim, Regierungsbezirk Karlsruhe, Baden-W\u00fcrttemberg, 68161, Federal Republic of Germany (land mass)"}}, {"pk": 93, "model": "geo.mappoint", "fields": {"lat": "49.48703540000000000000000000", "lon": "8.46770870000000000000000000", "address": "Planken, Innenstadt, Mannheim, Regierungsbezirk Karlsruhe, Baden-W\u00fcrttemberg, 68161, Federal Republic of Germany (land mass)"}}, {"pk": 94, "model": "geo.mappoint", "fields": {"lat": "49.48725580000000000000000000", "lon": "8.46831980000000000000000000", "address": "Commerzbank, Planken, Innenstadt, Mannheim, Regierungsbezirk Karlsruhe, Baden-W\u00fcrttemberg, 68161, Federal Republic of Germany (land mass)"}}, {"pk": 95, "model": "geo.mappoint", "fields": {"lat": "49.48711640000000000000000000", "lon": "8.46851730000000000000000000", "address": "Maredo, Planken, Innenstadt, Mannheim, Regierungsbezirk Karlsruhe, Baden-W\u00fcrttemberg, 68161, Federal Republic of Germany (land mass)"}}, {"pk": 96, "model": "geo.mappoint", "fields": {"lat": "49.48702610000000000000000000", "lon": "8.46874770000000000000000000", "address": "Pizza Hut, Planken, Innenstadt, Mannheim, Regierungsbezirk Karlsruhe, Baden-W\u00fcrttemberg, 68161, Federal Republic of Germany (land mass)"}}, {"pk": 97, "model": "geo.mappoint", "fields": {"lat": "49.48648940000000000000000000", "lon": "8.46893540000000000000000000", "address": "Fontanella, Planken, Innenstadt, Mannheim, Regierungsbezirk Karlsruhe, Baden-W\u00fcrttemberg, 68161, Federal Republic of Germany (land mass)"}}, {"pk": 98, "model": "geo.mappoint", "fields": {"lat": "49.48636730000000000000000000", "lon": "8.46926270000000000000000000", "address": "Snipes, Planken, Innenstadt, Mannheim, Regierungsbezirk Karlsruhe, Baden-W\u00fcrttemberg, 68161, Federal Republic of Germany (land mass)"}}, {"pk": 99, "model": "geo.mappoint", "fields": {"lat": "49.48651510279170000000000000", "lon": "8.46975039469699000000000000", "address": "1, Planken, Innenstadt, Mannheim, Regierungsbezirk Karlsruhe, Baden-W\u00fcrttemberg, 68161, Federal Republic of Germany (land mass)"}}, {"pk": 100, "model": "geo.mappoint", "fields": {"lat": "49.48628870000000000000000000", "lon": "8.46999660000000000000000000", "address": "Strohmarkt, Planken, Innenstadt, Mannheim, Regierungsbezirk Karlsruhe, Baden-W\u00fcrttemberg, 68161, Federal Republic of Germany (land mass)"}}, {"pk": 101, "model": "geo.mappoint", "fields": {"lat": "49.48633928402530000000000000", "lon": "8.47029251065716000000000000", "address": "14, Planken, Innenstadt, Mannheim, Regierungsbezirk Karlsruhe, Baden-W\u00fcrttemberg, 68161, Federal Republic of Germany (land mass)"}}, {"pk": 102, "model": "geo.mappoint", "fields": {"lat": "49.48588810000000000000000000", "lon": "8.47039470000000000000000000", "address": "3, Planken, Innenstadt, Mannheim, Regierungsbezirk Karlsruhe, Baden-W\u00fcrttemberg, 68161, Federal Republic of Germany (land mass)"}}, {"pk": 103, "model": "geo.mappoint", "fields": {"lat": "49.48612260000000000000000000", "lon": "8.47083750000000000000000000", "address": "Targobank, Planken, Innenstadt, Mannheim, Regierungsbezirk Karlsruhe, Baden-W\u00fcrttemberg, 68161, Federal Republic of Germany (land mass)"}}, {"pk": 104, "model": "geo.mappoint", "fields": {"lat": "49.48547880000000000000000000", "lon": "8.47165460000000000000000000", "address": "Planken, Innenstadt, Mannheim, Regierungsbezirk Karlsruhe, Baden-W\u00fcrttemberg, 68161, Federal Republic of Germany (land mass)"}}, {"pk": 105, "model": "geo.mappoint", "fields": {"lat": "49.48582680000000000000000000", "lon": "8.47230145000000000000000000", "address": "Kurf\u00fcrsten-Passage, P7, Innenstadt, Mannheim, Regierungsbezirk Karlsruhe, Baden-W\u00fcrttemberg, 68161, Federal Republic of Germany (land mass)"}}, {"pk": 106, "model": "geo.mappoint", "fields": {"lat": "49.48520339788510000000000000", "lon": "8.47201602853728000000000000", "address": "7-8, O7, Innenstadt, Mannheim, Regierungsbezirk Karlsruhe, Baden-W\u00fcrttemberg, 68161, Federal Republic of Germany (land mass)"}}, {"pk": 107, "model": "geo.mappoint", "fields": {"lat": "49.48485535000000000000000000", "lon": "8.47207320000000000000000000", "address": "O7 Passage, O7, Innenstadt, Mannheim, Regierungsbezirk Karlsruhe, Baden-W\u00fcrttemberg, 68161, Federal Republic of Germany (land mass)"}}, {"pk": 108, "model": "geo.mappoint", "fields": {"lat": "49.48528570000000000000000000", "lon": "8.47253890000000000000000000", "address": "Hortenpassage, Planken, Innenstadt, Mannheim, Regierungsbezirk Karlsruhe, Baden-W\u00fcrttemberg, 68161, Federal Republic of Germany (land mass)"}}, {"pk": 109, "model": "geo.mappoint", "fields": {"lat": "49.48548870382870000000000000", "lon": "8.47276175964738000000000000", "address": "\u00d6VA-Passage, P7, Innenstadt, Mannheim, Regierungsbezirk Karlsruhe, Baden-W\u00fcrttemberg, 68161, Federal Republic of Germany (land mass)"}}, {"pk": 110, "model": "geo.mappoint", "fields": {"lat": "49.48486148987270000000000000", "lon": "8.47285366439773000000000000", "address": "12, O7, Innenstadt, Mannheim, Regierungsbezirk Karlsruhe, Baden-W\u00fcrttemberg, 68161, Federal Republic of Germany (land mass)"}}, {"pk": 111, "model": "geo.mappoint", "fields": {"lat": "49.48524148598590000000000000", "lon": "8.47342312695759000000000000", "address": "Z\u00fcrch Passage, P7, Schwetzingerstadt, Mannheim, Regierungsbezirk Karlsruhe, Baden-W\u00fcrttemberg, 68161, Federal Republic of Germany (land mass)"}}, {"pk": 112, "model": "geo.mappoint", "fields": {"lat": "49.48490370000000000000000000", "lon": "8.47359180000000000000000000", "address": "Planken, Innenstadt, Mannheim, Regierungsbezirk Karlsruhe, Baden-W\u00fcrttemberg, 68161, Federal Republic of Germany (land mass)"}}, {"pk": 55, "model": "geo.tracepoint", "fields": {"realtimestart": "2012-03-07T13:12:56", "videotimeend": 0, "videotimestart": 0, "realtimeend": "2012-03-07T13:12:56", "mappoint": 55, "video": 5}}, {"pk": 1, "model": "geo.tracepoint", "fields": {"realtimestart": "2012-03-07T11:57:42", "videotimeend": 15, "videotimestart": 0, "realtimeend": "2012-03-07T11:57:57", "mappoint": 1, "video": 2}}, {"pk": 85, "model": "geo.tracepoint", "fields": {"realtimestart": "2012-03-07T12:06:02", "videotimeend": 0, "videotimestart": 0, "realtimeend": "2012-03-07T12:06:02", "mappoint": 85, "video": 7}}, {"pk": 2, "model": "geo.tracepoint", "fields": {"realtimestart": "2012-03-07T11:57:58", "videotimeend": 19, "videotimestart": 16, "realtimeend": "2012-03-07T11:58:01", "mappoint": 2, "video": 2}}, {"pk": 56, "model": "geo.tracepoint", "fields": {"realtimestart": "2012-03-07T13:12:58", "videotimeend": 23, "videotimestart": 2, "realtimeend": "2012-03-07T13:13:19", "mappoint": 56, "video": 5}}, {"pk": 3, "model": "geo.tracepoint", "fields": {"realtimestart": "2012-03-07T11:58:02", "videotimeend": 23, "videotimestart": 20, "realtimeend": "2012-03-07T11:58:05", "mappoint": 3, "video": 2}}, {"pk": 4, "model": "geo.tracepoint", "fields": {"realtimestart": "2012-03-07T11:58:06", "videotimeend": 24, "videotimestart": 24, "realtimeend": "2012-03-07T11:58:06", "mappoint": 4, "video": 2}}, {"pk": 5, "model": "geo.tracepoint", "fields": {"realtimestart": "2012-03-07T11:58:07", "videotimeend": 26, "videotimestart": 25, "realtimeend": "2012-03-07T11:58:08", "mappoint": 5, "video": 2}}, {"pk": 6, "model": "geo.tracepoint", "fields": {"realtimestart": "2012-03-07T11:58:09", "videotimeend": 29, "videotimestart": 27, "realtimeend": "2012-03-07T11:58:11", "mappoint": 6, "video": 2}}, {"pk": 7, "model": "geo.tracepoint", "fields": {"realtimestart": "2012-03-07T11:58:16", "videotimeend": 34, "videotimestart": 34, "realtimeend": "2012-03-07T11:58:16", "mappoint": 7, "video": 2}}, {"pk": 86, "model": "geo.tracepoint", "fields": {"realtimestart": "2012-03-07T12:06:10", "videotimeend": 27, "videotimestart": 8, "realtimeend": "2012-03-07T12:06:29", "mappoint": 86, "video": 7}}, {"pk": 8, "model": "geo.tracepoint", "fields": {"realtimestart": "2012-03-07T11:58:25", "videotimeend": 47, "videotimestart": 43, "realtimeend": "2012-03-07T11:58:29", "mappoint": 8, "video": 2}}, {"pk": 9, "model": "geo.tracepoint", "fields": {"realtimestart": "2012-03-07T11:58:31", "videotimeend": 52, "videotimestart": 49, "realtimeend": "2012-03-07T11:58:34", "mappoint": 9, "video": 2}}, {"pk": 57, "model": "geo.tracepoint", "fields": {"realtimestart": "2012-03-07T13:13:26", "videotimeend": 45, "videotimestart": 30, "realtimeend": "2012-03-07T13:13:41", "mappoint": 57, "video": 5}}, {"pk": 10, "model": "geo.tracepoint", "fields": {"realtimestart": "2012-03-07T11:58:38", "videotimeend": 129, "videotimestart": 56, "realtimeend": "2012-03-07T11:59:51", "mappoint": 10, "video": 2}}, {"pk": 58, "model": "geo.tracepoint", "fields": {"realtimestart": "2012-03-07T13:13:53", "videotimeend": 57, "videotimestart": 57, "realtimeend": "2012-03-07T13:13:53", "mappoint": 58, "video": 5}}, {"pk": 11, "model": "geo.tracepoint", "fields": {"realtimestart": "2012-03-07T11:59:55", "videotimeend": 141, "videotimestart": 133, "realtimeend": "2012-03-07T12:00:03", "mappoint": 11, "video": 2}}, {"pk": 12, "model": "geo.tracepoint", "fields": {"realtimestart": "2012-03-07T12:00:07", "videotimeend": 145, "videotimestart": 145, "realtimeend": "2012-03-07T12:00:07", "mappoint": 12, "video": 2}}, {"pk": 13, "model": "geo.tracepoint", "fields": {"realtimestart": "2012-03-07T12:00:14", "videotimeend": 152, "videotimestart": 152, "realtimeend": "2012-03-07T12:00:14", "mappoint": 13, "video": 2}}, {"pk": 14, "model": "geo.tracepoint", "fields": {"realtimestart": "2012-03-07T12:00:18", "videotimeend": 156, "videotimestart": 156, "realtimeend": "2012-03-07T12:00:18", "mappoint": 14, "video": 2}}, {"pk": 15, "model": "geo.tracepoint", "fields": {"realtimestart": "2012-03-07T12:00:22", "videotimeend": 160, "videotimestart": 160, "realtimeend": "2012-03-07T12:00:22", "mappoint": 15, "video": 2}}, {"pk": 16, "model": "geo.tracepoint", "fields": {"realtimestart": "2012-03-07T12:00:26", "videotimeend": 164, "videotimestart": 164, "realtimeend": "2012-03-07T12:00:26", "mappoint": 16, "video": 2}}, {"pk": 17, "model": "geo.tracepoint", "fields": {"realtimestart": "2012-03-07T12:00:30", "videotimeend": 168, "videotimestart": 168, "realtimeend": "2012-03-07T12:00:30", "mappoint": 17, "video": 2}}, {"pk": 18, "model": "geo.tracepoint", "fields": {"realtimestart": "2012-03-07T12:00:33", "videotimeend": 171, "videotimestart": 171, "realtimeend": "2012-03-07T12:00:33", "mappoint": 18, "video": 2}}, {"pk": 59, "model": "geo.tracepoint", "fields": {"realtimestart": "2012-03-07T13:14:05", "videotimeend": 69, "videotimestart": 69, "realtimeend": "2012-03-07T13:14:05", "mappoint": 59, "video": 5}}, {"pk": 19, "model": "geo.tracepoint", "fields": {"realtimestart": "2012-03-07T12:00:37", "videotimeend": 181, "videotimestart": 175, "realtimeend": "2012-03-07T12:00:43", "mappoint": 19, "video": 2}}, {"pk": 20, "model": "geo.tracepoint", "fields": {"realtimestart": "2012-03-07T12:00:45", "videotimeend": 187, "videotimestart": 183, "realtimeend": "2012-03-07T12:00:49", "mappoint": 20, "video": 2}}, {"pk": 21, "model": "geo.tracepoint", "fields": {"realtimestart": "2012-03-07T12:00:53", "videotimeend": 199, "videotimestart": 191, "realtimeend": "2012-03-07T12:01:01", "mappoint": 21, "video": 2}}, {"pk": 22, "model": "geo.tracepoint", "fields": {"realtimestart": "2012-03-07T13:22:31", "videotimeend": 0, "videotimestart": 0, "realtimeend": "2012-03-07T13:22:31", "mappoint": 22, "video": 3}}, {"pk": 23, "model": "geo.tracepoint", "fields": {"realtimestart": "2012-03-07T13:22:47", "videotimeend": 18, "videotimestart": 16, "realtimeend": "2012-03-07T13:22:49", "mappoint": 23, "video": 3}}, {"pk": 24, "model": "geo.tracepoint", "fields": {"realtimestart": "2012-03-07T13:22:51", "videotimeend": 20, "videotimestart": 20, "realtimeend": "2012-03-07T13:22:51", "mappoint": 24, "video": 3}}, {"pk": 25, "model": "geo.tracepoint", "fields": {"realtimestart": "2012-03-07T13:22:59", "videotimeend": 28, "videotimestart": 28, "realtimeend": "2012-03-07T13:22:59", "mappoint": 25, "video": 3}}, {"pk": 26, "model": "geo.tracepoint", "fields": {"realtimestart": "2012-03-07T13:23:05", "videotimeend": 34, "videotimestart": 34, "realtimeend": "2012-03-07T13:23:05", "mappoint": 26, "video": 3}}, {"pk": 27, "model": "geo.tracepoint", "fields": {"realtimestart": "2012-03-07T13:23:11", "videotimeend": 40, "videotimestart": 40, "realtimeend": "2012-03-07T13:23:11", "mappoint": 27, "video": 3}}, {"pk": 28, "model": "geo.tracepoint", "fields": {"realtimestart": "2012-03-07T13:23:24", "videotimeend": 53, "videotimestart": 53, "realtimeend": "2012-03-07T13:23:24", "mappoint": 28, "video": 3}}, {"pk": 29, "model": "geo.tracepoint", "fields": {"realtimestart": "2012-03-07T13:23:27", "videotimeend": 57, "videotimestart": 56, "realtimeend": "2012-03-07T13:23:28", "mappoint": 29, "video": 3}}, {"pk": 30, "model": "geo.tracepoint", "fields": {"realtimestart": "2012-03-07T13:23:29", "videotimeend": 58, "videotimestart": 58, "realtimeend": "2012-03-07T13:23:29", "mappoint": 30, "video": 3}}, {"pk": 31, "model": "geo.tracepoint", "fields": {"realtimestart": "2012-03-07T11:39:12", "videotimeend": 15, "videotimestart": 0, "realtimeend": "2012-03-07T11:39:27", "mappoint": 31, "video": 4}}, {"pk": 60, "model": "geo.tracepoint", "fields": {"realtimestart": "2012-03-07T13:14:09", "videotimeend": 84, "videotimestart": 73, "realtimeend": "2012-03-07T13:14:20", "mappoint": 60, "video": 5}}, {"pk": 61, "model": "geo.tracepoint", "fields": {"realtimestart": "2012-03-07T13:14:27", "videotimeend": 91, "videotimestart": 91, "realtimeend": "2012-03-07T13:14:27", "mappoint": 61, "video": 5}}, {"pk": 32, "model": "geo.tracepoint", "fields": {"realtimestart": "2012-03-07T11:39:39", "videotimeend": 51, "videotimestart": 27, "realtimeend": "2012-03-07T11:40:03", "mappoint": 32, "video": 4}}, {"pk": 33, "model": "geo.tracepoint", "fields": {"realtimestart": "2012-03-07T11:40:10", "videotimeend": 66, "videotimestart": 58, "realtimeend": "2012-03-07T11:40:18", "mappoint": 33, "video": 4}}, {"pk": 34, "model": "geo.tracepoint", "fields": {"realtimestart": "2012-03-07T11:40:22", "videotimeend": 70, "videotimestart": 70, "realtimeend": "2012-03-07T11:40:22", "mappoint": 34, "video": 4}}, {"pk": 62, "model": "geo.tracepoint", "fields": {"realtimestart": "2012-03-07T13:15:02", "videotimeend": 126, "videotimestart": 126, "realtimeend": "2012-03-07T13:15:02", "mappoint": 62, "video": 5}}, {"pk": 63, "model": "geo.tracepoint", "fields": {"realtimestart": "2012-03-07T13:15:10", "videotimeend": 134, "videotimestart": 134, "realtimeend": "2012-03-07T13:15:10", "mappoint": 63, "video": 5}}, {"pk": 35, "model": "geo.tracepoint", "fields": {"realtimestart": "2012-03-07T11:40:26", "videotimeend": 84, "videotimestart": 74, "realtimeend": "2012-03-07T11:40:36", "mappoint": 35, "video": 4}}, {"pk": 36, "model": "geo.tracepoint", "fields": {"realtimestart": "2012-03-07T11:40:41", "videotimeend": 110, "videotimestart": 89, "realtimeend": "2012-03-07T11:41:02", "mappoint": 36, "video": 4}}, {"pk": 37, "model": "geo.tracepoint", "fields": {"realtimestart": "2012-03-07T11:41:08", "videotimeend": 126, "videotimestart": 116, "realtimeend": "2012-03-07T11:41:18", "mappoint": 37, "video": 4}}, {"pk": 38, "model": "geo.tracepoint", "fields": {"realtimestart": "2012-03-07T11:41:24", "videotimeend": 136, "videotimestart": 132, "realtimeend": "2012-03-07T11:41:28", "mappoint": 38, "video": 4}}, {"pk": 39, "model": "geo.tracepoint", "fields": {"realtimestart": "2012-03-07T11:41:33", "videotimeend": 147, "videotimestart": 141, "realtimeend": "2012-03-07T11:41:39", "mappoint": 39, "video": 4}}, {"pk": 40, "model": "geo.tracepoint", "fields": {"realtimestart": "2012-03-07T11:41:45", "videotimeend": 155, "videotimestart": 153, "realtimeend": "2012-03-07T11:41:47", "mappoint": 40, "video": 4}}, {"pk": 41, "model": "geo.tracepoint", "fields": {"realtimestart": "2012-03-07T11:41:50", "videotimeend": 158, "videotimestart": 158, "realtimeend": "2012-03-07T11:41:50", "mappoint": 41, "video": 4}}, {"pk": 87, "model": "geo.tracepoint", "fields": {"realtimestart": "2012-03-07T12:06:33", "videotimeend": 36, "videotimestart": 31, "realtimeend": "2012-03-07T12:06:38", "mappoint": 87, "video": 7}}, {"pk": 64, "model": "geo.tracepoint", "fields": {"realtimestart": "2012-03-07T13:15:14", "videotimeend": 144, "videotimestart": 138, "realtimeend": "2012-03-07T13:15:20", "mappoint": 64, "video": 5}}, {"pk": 88, "model": "geo.tracepoint", "fields": {"realtimestart": "2012-03-07T12:06:50", "videotimeend": 48, "videotimestart": 48, "realtimeend": "2012-03-07T12:06:50", "mappoint": 88, "video": 7}}, {"pk": 89, "model": "geo.tracepoint", "fields": {"realtimestart": "2012-03-07T12:07:01", "videotimeend": 59, "videotimestart": 59, "realtimeend": "2012-03-07T12:07:01", "mappoint": 89, "video": 7}}, {"pk": 43, "model": "geo.tracepoint", "fields": {"realtimestart": "2012-03-07T11:42:28", "videotimeend": 196, "videotimestart": 196, "realtimeend": "2012-03-07T11:42:28", "mappoint": 43, "video": 4}}, {"pk": 42, "model": "geo.tracepoint", "fields": {"realtimestart": "2012-03-07T11:41:55", "videotimeend": 199, "videotimestart": 163, "realtimeend": "2012-03-07T11:42:31", "mappoint": 42, "video": 4}}, {"pk": 65, "model": "geo.tracepoint", "fields": {"realtimestart": "2012-03-07T13:15:23", "videotimeend": 161, "videotimestart": 147, "realtimeend": "2012-03-07T13:15:37", "mappoint": 65, "video": 5}}, {"pk": 44, "model": "geo.tracepoint", "fields": {"realtimestart": "2012-03-07T11:42:37", "videotimeend": 218, "videotimestart": 205, "realtimeend": "2012-03-07T11:42:50", "mappoint": 44, "video": 4}}, {"pk": 45, "model": "geo.tracepoint", "fields": {"realtimestart": "2012-03-07T11:43:00", "videotimeend": 239, "videotimestart": 228, "realtimeend": "2012-03-07T11:43:11", "mappoint": 45, "video": 4}}, {"pk": 46, "model": "geo.tracepoint", "fields": {"realtimestart": "2012-03-07T11:43:18", "videotimeend": 246, "videotimestart": 246, "realtimeend": "2012-03-07T11:43:18", "mappoint": 46, "video": 4}}, {"pk": 47, "model": "geo.tracepoint", "fields": {"realtimestart": "2012-03-07T11:43:24", "videotimeend": 259, "videotimestart": 252, "realtimeend": "2012-03-07T11:43:31", "mappoint": 47, "video": 4}}, {"pk": 48, "model": "geo.tracepoint", "fields": {"realtimestart": "2012-03-07T11:43:36", "videotimeend": 264, "videotimestart": 264, "realtimeend": "2012-03-07T11:43:36", "mappoint": 48, "video": 4}}, {"pk": 49, "model": "geo.tracepoint", "fields": {"realtimestart": "2012-03-07T11:43:43", "videotimeend": 277, "videotimestart": 271, "realtimeend": "2012-03-07T11:43:49", "mappoint": 49, "video": 4}}, {"pk": 50, "model": "geo.tracepoint", "fields": {"realtimestart": "2012-03-07T11:43:55", "videotimeend": 286, "videotimestart": 283, "realtimeend": "2012-03-07T11:43:58", "mappoint": 50, "video": 4}}, {"pk": 51, "model": "geo.tracepoint", "fields": {"realtimestart": "2012-03-07T11:44:04", "videotimeend": 299, "videotimestart": 292, "realtimeend": "2012-03-07T11:44:11", "mappoint": 51, "video": 4}}, {"pk": 52, "model": "geo.tracepoint", "fields": {"realtimestart": "2012-03-07T11:44:15", "videotimeend": 303, "videotimestart": 303, "realtimeend": "2012-03-07T11:44:15", "mappoint": 52, "video": 4}}, {"pk": 90, "model": "geo.tracepoint", "fields": {"realtimestart": "2012-03-07T12:07:12", "videotimeend": 70, "videotimestart": 70, "realtimeend": "2012-03-07T12:07:12", "mappoint": 90, "video": 7}}, {"pk": 91, "model": "geo.tracepoint", "fields": {"realtimestart": "2012-03-07T12:07:29", "videotimeend": 87, "videotimestart": 87, "realtimeend": "2012-03-07T12:07:29", "mappoint": 91, "video": 7}}, {"pk": 53, "model": "geo.tracepoint", "fields": {"realtimestart": "2012-03-07T11:44:24", "videotimeend": 329, "videotimestart": 312, "realtimeend": "2012-03-07T11:44:41", "mappoint": 53, "video": 4}}, {"pk": 92, "model": "geo.tracepoint", "fields": {"realtimestart": "2012-03-07T12:07:35", "videotimeend": 93, "videotimestart": 93, "realtimeend": "2012-03-07T12:07:35", "mappoint": 92, "video": 7}}, {"pk": 66, "model": "geo.tracepoint", "fields": {"realtimestart": "2012-03-07T13:15:40", "videotimeend": 184, "videotimestart": 164, "realtimeend": "2012-03-07T13:16:00", "mappoint": 66, "video": 5}}, {"pk": 54, "model": "geo.tracepoint", "fields": {"realtimestart": "2012-03-07T11:44:45", "videotimeend": 347, "videotimestart": 333, "realtimeend": "2012-03-07T11:44:59", "mappoint": 54, "video": 4}}, {"pk": 67, "model": "geo.tracepoint", "fields": {"realtimestart": "2012-03-07T12:21:44", "videotimeend": 60, "videotimestart": 0, "realtimeend": "2012-03-07T12:22:44", "mappoint": 67, "video": 6}}, {"pk": 68, "model": "geo.tracepoint", "fields": {"realtimestart": "2012-03-07T12:22:49", "videotimeend": 65, "videotimestart": 65, "realtimeend": "2012-03-07T12:22:49", "mappoint": 68, "video": 6}}, {"pk": 69, "model": "geo.tracepoint", "fields": {"realtimestart": "2012-03-07T12:23:06", "videotimeend": 82, "videotimestart": 82, "realtimeend": "2012-03-07T12:23:06", "mappoint": 69, "video": 6}}, {"pk": 70, "model": "geo.tracepoint", "fields": {"realtimestart": "2012-03-07T12:23:08", "videotimeend": 84, "videotimestart": 84, "realtimeend": "2012-03-07T12:23:08", "mappoint": 70, "video": 6}}, {"pk": 71, "model": "geo.tracepoint", "fields": {"realtimestart": "2012-03-07T12:23:10", "videotimeend": 88, "videotimestart": 86, "realtimeend": "2012-03-07T12:23:12", "mappoint": 71, "video": 6}}, {"pk": 72, "model": "geo.tracepoint", "fields": {"realtimestart": "2012-03-07T12:23:14", "videotimeend": 90, "videotimestart": 90, "realtimeend": "2012-03-07T12:23:14", "mappoint": 72, "video": 6}}, {"pk": 93, "model": "geo.tracepoint", "fields": {"realtimestart": "2012-03-07T12:07:44", "videotimeend": 102, "videotimestart": 102, "realtimeend": "2012-03-07T12:07:44", "mappoint": 93, "video": 7}}, {"pk": 73, "model": "geo.tracepoint", "fields": {"realtimestart": "2012-03-07T12:23:16", "videotimeend": 98, "videotimestart": 92, "realtimeend": "2012-03-07T12:23:22", "mappoint": 73, "video": 6}}, {"pk": 74, "model": "geo.tracepoint", "fields": {"realtimestart": "2012-03-07T12:23:26", "videotimeend": 102, "videotimestart": 102, "realtimeend": "2012-03-07T12:23:26", "mappoint": 74, "video": 6}}, {"pk": 75, "model": "geo.tracepoint", "fields": {"realtimestart": "2012-03-07T12:23:29", "videotimeend": 105, "videotimestart": 105, "realtimeend": "2012-03-07T12:23:29", "mappoint": 75, "video": 6}}, {"pk": 76, "model": "geo.tracepoint", "fields": {"realtimestart": "2012-03-07T12:24:20", "videotimeend": 158, "videotimestart": 156, "realtimeend": "2012-03-07T12:24:22", "mappoint": 76, "video": 6}}, {"pk": 77, "model": "geo.tracepoint", "fields": {"realtimestart": "2012-03-07T12:24:23", "videotimeend": 160, "videotimestart": 159, "realtimeend": "2012-03-07T12:24:24", "mappoint": 77, "video": 6}}, {"pk": 78, "model": "geo.tracepoint", "fields": {"realtimestart": "2012-03-07T12:24:26", "videotimeend": 162, "videotimestart": 162, "realtimeend": "2012-03-07T12:24:26", "mappoint": 78, "video": 6}}, {"pk": 79, "model": "geo.tracepoint", "fields": {"realtimestart": "2012-03-07T12:24:28", "videotimeend": 164, "videotimestart": 164, "realtimeend": "2012-03-07T12:24:28", "mappoint": 79, "video": 6}}, {"pk": 80, "model": "geo.tracepoint", "fields": {"realtimestart": "2012-03-07T12:24:30", "videotimeend": 168, "videotimestart": 166, "realtimeend": "2012-03-07T12:24:32", "mappoint": 80, "video": 6}}, {"pk": 81, "model": "geo.tracepoint", "fields": {"realtimestart": "2012-03-07T12:24:34", "videotimeend": 172, "videotimestart": 170, "realtimeend": "2012-03-07T12:24:36", "mappoint": 81, "video": 6}}, {"pk": 82, "model": "geo.tracepoint", "fields": {"realtimestart": "2012-03-07T12:24:38", "videotimeend": 174, "videotimestart": 174, "realtimeend": "2012-03-07T12:24:38", "mappoint": 82, "video": 6}}, {"pk": 83, "model": "geo.tracepoint", "fields": {"realtimestart": "2012-03-07T12:24:40", "videotimeend": 178, "videotimestart": 176, "realtimeend": "2012-03-07T12:24:42", "mappoint": 83, "video": 6}}, {"pk": 94, "model": "geo.tracepoint", "fields": {"realtimestart": "2012-03-07T12:07:53", "videotimeend": 119, "videotimestart": 111, "realtimeend": "2012-03-07T12:08:01", "mappoint": 94, "video": 7}}, {"pk": 84, "model": "geo.tracepoint", "fields": {"realtimestart": "2012-03-07T12:24:44", "videotimeend": 184, "videotimestart": 180, "realtimeend": "2012-03-07T12:24:48", "mappoint": 84, "video": 6}}, {"pk": 95, "model": "geo.tracepoint", "fields": {"realtimestart": "2012-03-07T12:08:08", "videotimeend": 126, "videotimestart": 126, "realtimeend": "2012-03-07T12:08:08", "mappoint": 95, "video": 7}}, {"pk": 96, "model": "geo.tracepoint", "fields": {"realtimestart": "2012-03-07T12:08:22", "videotimeend": 146, "videotimestart": 140, "realtimeend": "2012-03-07T12:08:28", "mappoint": 96, "video": 7}}, {"pk": 97, "model": "geo.tracepoint", "fields": {"realtimestart": "2012-03-07T12:08:35", "videotimeend": 160, "videotimestart": 153, "realtimeend": "2012-03-07T12:08:42", "mappoint": 97, "video": 7}}, {"pk": 101, "model": "geo.tracepoint", "fields": {"realtimestart": "2012-03-07T12:09:45", "videotimeend": 229, "videotimestart": 223, "realtimeend": "2012-03-07T12:09:51", "mappoint": 101, "video": 7}}, {"pk": 98, "model": "geo.tracepoint", "fields": {"realtimestart": "2012-03-07T12:08:49", "videotimeend": 187, "videotimestart": 167, "realtimeend": "2012-03-07T12:09:09", "mappoint": 98, "video": 7}}, {"pk": 102, "model": "geo.tracepoint", "fields": {"realtimestart": "2012-03-07T12:09:58", "videotimeend": 243, "videotimestart": 236, "realtimeend": "2012-03-07T12:10:05", "mappoint": 102, "video": 7}}, {"pk": 99, "model": "geo.tracepoint", "fields": {"realtimestart": "2012-03-07T12:09:13", "videotimeend": 201, "videotimestart": 191, "realtimeend": "2012-03-07T12:09:23", "mappoint": 99, "video": 7}}, {"pk": 100, "model": "geo.tracepoint", "fields": {"realtimestart": "2012-03-07T12:09:32", "videotimeend": 216, "videotimestart": 210, "realtimeend": "2012-03-07T12:09:38", "mappoint": 100, "video": 7}}, {"pk": 103, "model": "geo.tracepoint", "fields": {"realtimestart": "2012-03-07T12:10:13", "videotimeend": 257, "videotimestart": 251, "realtimeend": "2012-03-07T12:10:19", "mappoint": 103, "video": 7}}, {"pk": 105, "model": "geo.tracepoint", "fields": {"realtimestart": "2012-03-07T12:10:44", "videotimeend": 326, "videotimestart": 282, "realtimeend": "2012-03-07T12:11:28", "mappoint": 105, "video": 7}}, {"pk": 109, "model": "geo.tracepoint", "fields": {"realtimestart": "2012-03-07T12:12:03", "videotimeend": 368, "videotimestart": 361, "realtimeend": "2012-03-07T12:12:10", "mappoint": 109, "video": 7}}, {"pk": 104, "model": "geo.tracepoint", "fields": {"realtimestart": "2012-03-07T12:10:31", "videotimeend": 301, "videotimestart": 269, "realtimeend": "2012-03-07T12:11:03", "mappoint": 104, "video": 7}}, {"pk": 106, "model": "geo.tracepoint", "fields": {"realtimestart": "2012-03-07T12:11:36", "videotimeend": 334, "videotimestart": 334, "realtimeend": "2012-03-07T12:11:36", "mappoint": 106, "video": 7}}, {"pk": 107, "model": "geo.tracepoint", "fields": {"realtimestart": "2012-03-07T12:11:44", "videotimeend": 342, "videotimestart": 342, "realtimeend": "2012-03-07T12:11:44", "mappoint": 107, "video": 7}}, {"pk": 108, "model": "geo.tracepoint", "fields": {"realtimestart": "2012-03-07T12:11:51", "videotimeend": 357, "videotimestart": 349, "realtimeend": "2012-03-07T12:11:59", "mappoint": 108, "video": 7}}, {"pk": 110, "model": "geo.tracepoint", "fields": {"realtimestart": "2012-03-07T12:12:18", "videotimeend": 380, "videotimestart": 376, "realtimeend": "2012-03-07T12:12:22", "mappoint": 110, "video": 7}}, {"pk": 111, "model": "geo.tracepoint", "fields": {"realtimestart": "2012-03-07T12:12:25", "videotimeend": 403, "videotimestart": 383, "realtimeend": "2012-03-07T12:12:45", "mappoint": 111, "video": 7}}, {"pk": 112, "model": "geo.tracepoint", "fields": {"realtimestart": "2012-03-07T12:12:52", "videotimeend": 425, "videotimestart": 410, "realtimeend": "2012-03-07T12:13:07", "mappoint": 112, "video": 7}}, {"pk": 1, "model": "geo.tracepointconnection", "fields": {"mapsource": 1, "cost": 1, "maptarget": 2, "mode": 1, "tracesource": 1, "video": 2, "tracetarget": 2}}, {"pk": 2, "model": "geo.tracepointconnection", "fields": {"mapsource": 2, "cost": 1, "maptarget": 3, "mode": 1, "tracesource": 2, "video": 2, "tracetarget": 3}}, {"pk": 3, "model": "geo.tracepointconnection", "fields": {"mapsource": 3, "cost": 1, "maptarget": 4, "mode": 1, "tracesource": 3, "video": 2, "tracetarget": 4}}, {"pk": 4, "model": "geo.tracepointconnection", "fields": {"mapsource": 4, "cost": 1, "maptarget": 5, "mode": 1, "tracesource": 4, "video": 2, "tracetarget": 5}}, {"pk": 5, "model": "geo.tracepointconnection", "fields": {"mapsource": 5, "cost": 1, "maptarget": 6, "mode": 1, "tracesource": 5, "video": 2, "tracetarget": 6}}, {"pk": 6, "model": "geo.tracepointconnection", "fields": {"mapsource": 6, "cost": 1, "maptarget": 7, "mode": 1, "tracesource": 6, "video": 2, "tracetarget": 7}}, {"pk": 7, "model": "geo.tracepointconnection", "fields": {"mapsource": 7, "cost": 1, "maptarget": 8, "mode": 1, "tracesource": 7, "video": 2, "tracetarget": 8}}, {"pk": 8, "model": "geo.tracepointconnection", "fields": {"mapsource": 8, "cost": 1, "maptarget": 9, "mode": 1, "tracesource": 8, "video": 2, "tracetarget": 9}}, {"pk": 9, "model": "geo.tracepointconnection", "fields": {"mapsource": 9, "cost": 1, "maptarget": 10, "mode": 1, "tracesource": 9, "video": 2, "tracetarget": 10}}, {"pk": 10, "model": "geo.tracepointconnection", "fields": {"mapsource": 10, "cost": 1, "maptarget": 11, "mode": 1, "tracesource": 10, "video": 2, "tracetarget": 11}}, {"pk": 11, "model": "geo.tracepointconnection", "fields": {"mapsource": 11, "cost": 1, "maptarget": 12, "mode": 1, "tracesource": 11, "video": 2, "tracetarget": 12}}, {"pk": 12, "model": "geo.tracepointconnection", "fields": {"mapsource": 12, "cost": 1, "maptarget": 13, "mode": 1, "tracesource": 12, "video": 2, "tracetarget": 13}}, {"pk": 13, "model": "geo.tracepointconnection", "fields": {"mapsource": 13, "cost": 1, "maptarget": 14, "mode": 1, "tracesource": 13, "video": 2, "tracetarget": 14}}, {"pk": 14, "model": "geo.tracepointconnection", "fields": {"mapsource": 14, "cost": 1, "maptarget": 15, "mode": 1, "tracesource": 14, "video": 2, "tracetarget": 15}}, {"pk": 15, "model": "geo.tracepointconnection", "fields": {"mapsource": 15, "cost": 1, "maptarget": 16, "mode": 1, "tracesource": 15, "video": 2, "tracetarget": 16}}, {"pk": 16, "model": "geo.tracepointconnection", "fields": {"mapsource": 16, "cost": 1, "maptarget": 17, "mode": 1, "tracesource": 16, "video": 2, "tracetarget": 17}}, {"pk": 17, "model": "geo.tracepointconnection", "fields": {"mapsource": 17, "cost": 1, "maptarget": 18, "mode": 1, "tracesource": 17, "video": 2, "tracetarget": 18}}, {"pk": 18, "model": "geo.tracepointconnection", "fields": {"mapsource": 18, "cost": 1, "maptarget": 19, "mode": 1, "tracesource": 18, "video": 2, "tracetarget": 19}}, {"pk": 19, "model": "geo.tracepointconnection", "fields": {"mapsource": 19, "cost": 1, "maptarget": 20, "mode": 1, "tracesource": 19, "video": 2, "tracetarget": 20}}, {"pk": 20, "model": "geo.tracepointconnection", "fields": {"mapsource": 20, "cost": 1, "maptarget": 21, "mode": 1, "tracesource": 20, "video": 2, "tracetarget": 21}}, {"pk": 21, "model": "geo.tracepointconnection", "fields": {"mapsource": 22, "cost": 1, "maptarget": 23, "mode": 1, "tracesource": 22, "video": 3, "tracetarget": 23}}, {"pk": 22, "model": "geo.tracepointconnection", "fields": {"mapsource": 23, "cost": 1, "maptarget": 24, "mode": 1, "tracesource": 23, "video": 3, "tracetarget": 24}}, {"pk": 23, "model": "geo.tracepointconnection", "fields": {"mapsource": 24, "cost": 1, "maptarget": 25, "mode": 1, "tracesource": 24, "video": 3, "tracetarget": 25}}, {"pk": 24, "model": "geo.tracepointconnection", "fields": {"mapsource": 25, "cost": 1, "maptarget": 26, "mode": 1, "tracesource": 25, "video": 3, "tracetarget": 26}}, {"pk": 25, "model": "geo.tracepointconnection", "fields": {"mapsource": 26, "cost": 1, "maptarget": 27, "mode": 1, "tracesource": 26, "video": 3, "tracetarget": 27}}, {"pk": 26, "model": "geo.tracepointconnection", "fields": {"mapsource": 27, "cost": 1, "maptarget": 28, "mode": 1, "tracesource": 27, "video": 3, "tracetarget": 28}}, {"pk": 27, "model": "geo.tracepointconnection", "fields": {"mapsource": 28, "cost": 1, "maptarget": 29, "mode": 1, "tracesource": 28, "video": 3, "tracetarget": 29}}, {"pk": 28, "model": "geo.tracepointconnection", "fields": {"mapsource": 29, "cost": 1, "maptarget": 30, "mode": 1, "tracesource": 29, "video": 3, "tracetarget": 30}}, {"pk": 29, "model": "geo.tracepointconnection", "fields": {"mapsource": 31, "cost": 1, "maptarget": 32, "mode": 0, "tracesource": 31, "video": 4, "tracetarget": 32}}, {"pk": 30, "model": "geo.tracepointconnection", "fields": {"mapsource": 32, "cost": 1, "maptarget": 33, "mode": 0, "tracesource": 32, "video": 4, "tracetarget": 33}}, {"pk": 31, "model": "geo.tracepointconnection", "fields": {"mapsource": 33, "cost": 1, "maptarget": 34, "mode": 0, "tracesource": 33, "video": 4, "tracetarget": 34}}, {"pk": 32, "model": "geo.tracepointconnection", "fields": {"mapsource": 34, "cost": 1, "maptarget": 35, "mode": 0, "tracesource": 34, "video": 4, "tracetarget": 35}}, {"pk": 33, "model": "geo.tracepointconnection", "fields": {"mapsource": 35, "cost": 1, "maptarget": 36, "mode": 0, "tracesource": 35, "video": 4, "tracetarget": 36}}, {"pk": 34, "model": "geo.tracepointconnection", "fields": {"mapsource": 36, "cost": 1, "maptarget": 37, "mode": 0, "tracesource": 36, "video": 4, "tracetarget": 37}}, {"pk": 35, "model": "geo.tracepointconnection", "fields": {"mapsource": 37, "cost": 1, "maptarget": 38, "mode": 0, "tracesource": 37, "video": 4, "tracetarget": 38}}, {"pk": 36, "model": "geo.tracepointconnection", "fields": {"mapsource": 38, "cost": 1, "maptarget": 39, "mode": 0, "tracesource": 38, "video": 4, "tracetarget": 39}}, {"pk": 37, "model": "geo.tracepointconnection", "fields": {"mapsource": 39, "cost": 1, "maptarget": 40, "mode": 0, "tracesource": 39, "video": 4, "tracetarget": 40}}, {"pk": 38, "model": "geo.tracepointconnection", "fields": {"mapsource": 40, "cost": 1, "maptarget": 41, "mode": 0, "tracesource": 40, "video": 4, "tracetarget": 41}}, {"pk": 39, "model": "geo.tracepointconnection", "fields": {"mapsource": 41, "cost": 1, "maptarget": 42, "mode": 0, "tracesource": 41, "video": 4, "tracetarget": 42}}, {"pk": 40, "model": "geo.tracepointconnection", "fields": {"mapsource": 42, "cost": 1, "maptarget": 43, "mode": 0, "tracesource": 42, "video": 4, "tracetarget": 43}}, {"pk": 41, "model": "geo.tracepointconnection", "fields": {"mapsource": 43, "cost": 1, "maptarget": 42, "mode": 0, "tracesource": 43, "video": 4, "tracetarget": 42}}, {"pk": 42, "model": "geo.tracepointconnection", "fields": {"mapsource": 42, "cost": 1, "maptarget": 44, "mode": 0, "tracesource": 42, "video": 4, "tracetarget": 44}}, {"pk": 43, "model": "geo.tracepointconnection", "fields": {"mapsource": 44, "cost": 1, "maptarget": 45, "mode": 0, "tracesource": 44, "video": 4, "tracetarget": 45}}, {"pk": 44, "model": "geo.tracepointconnection", "fields": {"mapsource": 45, "cost": 1, "maptarget": 46, "mode": 0, "tracesource": 45, "video": 4, "tracetarget": 46}}, {"pk": 45, "model": "geo.tracepointconnection", "fields": {"mapsource": 46, "cost": 1, "maptarget": 47, "mode": 0, "tracesource": 46, "video": 4, "tracetarget": 47}}, {"pk": 46, "model": "geo.tracepointconnection", "fields": {"mapsource": 47, "cost": 1, "maptarget": 48, "mode": 0, "tracesource": 47, "video": 4, "tracetarget": 48}}, {"pk": 47, "model": "geo.tracepointconnection", "fields": {"mapsource": 48, "cost": 1, "maptarget": 49, "mode": 0, "tracesource": 48, "video": 4, "tracetarget": 49}}, {"pk": 48, "model": "geo.tracepointconnection", "fields": {"mapsource": 49, "cost": 1, "maptarget": 50, "mode": 0, "tracesource": 49, "video": 4, "tracetarget": 50}}, {"pk": 49, "model": "geo.tracepointconnection", "fields": {"mapsource": 50, "cost": 1, "maptarget": 51, "mode": 0, "tracesource": 50, "video": 4, "tracetarget": 51}}, {"pk": 50, "model": "geo.tracepointconnection", "fields": {"mapsource": 51, "cost": 1, "maptarget": 52, "mode": 0, "tracesource": 51, "video": 4, "tracetarget": 52}}, {"pk": 51, "model": "geo.tracepointconnection", "fields": {"mapsource": 52, "cost": 1, "maptarget": 53, "mode": 0, "tracesource": 52, "video": 4, "tracetarget": 53}}, {"pk": 52, "model": "geo.tracepointconnection", "fields": {"mapsource": 53, "cost": 1, "maptarget": 54, "mode": 0, "tracesource": 53, "video": 4, "tracetarget": 54}}, {"pk": 53, "model": "geo.tracepointconnection", "fields": {"mapsource": 55, "cost": 1, "maptarget": 56, "mode": 0, "tracesource": 55, "video": 5, "tracetarget": 56}}, {"pk": 54, "model": "geo.tracepointconnection", "fields": {"mapsource": 56, "cost": 1, "maptarget": 57, "mode": 0, "tracesource": 56, "video": 5, "tracetarget": 57}}, {"pk": 55, "model": "geo.tracepointconnection", "fields": {"mapsource": 57, "cost": 1, "maptarget": 58, "mode": 0, "tracesource": 57, "video": 5, "tracetarget": 58}}, {"pk": 56, "model": "geo.tracepointconnection", "fields": {"mapsource": 58, "cost": 1, "maptarget": 59, "mode": 0, "tracesource": 58, "video": 5, "tracetarget": 59}}, {"pk": 57, "model": "geo.tracepointconnection", "fields": {"mapsource": 59, "cost": 1, "maptarget": 60, "mode": 0, "tracesource": 59, "video": 5, "tracetarget": 60}}, {"pk": 58, "model": "geo.tracepointconnection", "fields": {"mapsource": 60, "cost": 1, "maptarget": 61, "mode": 0, "tracesource": 60, "video": 5, "tracetarget": 61}}, {"pk": 59, "model": "geo.tracepointconnection", "fields": {"mapsource": 61, "cost": 1, "maptarget": 62, "mode": 0, "tracesource": 61, "video": 5, "tracetarget": 62}}, {"pk": 60, "model": "geo.tracepointconnection", "fields": {"mapsource": 62, "cost": 1, "maptarget": 63, "mode": 0, "tracesource": 62, "video": 5, "tracetarget": 63}}, {"pk": 61, "model": "geo.tracepointconnection", "fields": {"mapsource": 63, "cost": 1, "maptarget": 64, "mode": 0, "tracesource": 63, "video": 5, "tracetarget": 64}}, {"pk": 62, "model": "geo.tracepointconnection", "fields": {"mapsource": 64, "cost": 1, "maptarget": 65, "mode": 0, "tracesource": 64, "video": 5, "tracetarget": 65}}, {"pk": 63, "model": "geo.tracepointconnection", "fields": {"mapsource": 65, "cost": 1, "maptarget": 66, "mode": 0, "tracesource": 65, "video": 5, "tracetarget": 66}}, {"pk": 64, "model": "geo.tracepointconnection", "fields": {"mapsource": 67, "cost": 1, "maptarget": 68, "mode": 1, "tracesource": 67, "video": 6, "tracetarget": 68}}, {"pk": 65, "model": "geo.tracepointconnection", "fields": {"mapsource": 68, "cost": 1, "maptarget": 69, "mode": 1, "tracesource": 68, "video": 6, "tracetarget": 69}}, {"pk": 66, "model": "geo.tracepointconnection", "fields": {"mapsource": 69, "cost": 1, "maptarget": 70, "mode": 1, "tracesource": 69, "video": 6, "tracetarget": 70}}, {"pk": 67, "model": "geo.tracepointconnection", "fields": {"mapsource": 70, "cost": 1, "maptarget": 71, "mode": 1, "tracesource": 70, "video": 6, "tracetarget": 71}}, {"pk": 68, "model": "geo.tracepointconnection", "fields": {"mapsource": 71, "cost": 1, "maptarget": 72, "mode": 1, "tracesource": 71, "video": 6, "tracetarget": 72}}, {"pk": 69, "model": "geo.tracepointconnection", "fields": {"mapsource": 72, "cost": 1, "maptarget": 73, "mode": 1, "tracesource": 72, "video": 6, "tracetarget": 73}}, {"pk": 70, "model": "geo.tracepointconnection", "fields": {"mapsource": 73, "cost": 1, "maptarget": 74, "mode": 1, "tracesource": 73, "video": 6, "tracetarget": 74}}, {"pk": 71, "model": "geo.tracepointconnection", "fields": {"mapsource": 74, "cost": 1, "maptarget": 75, "mode": 1, "tracesource": 74, "video": 6, "tracetarget": 75}}, {"pk": 72, "model": "geo.tracepointconnection", "fields": {"mapsource": 75, "cost": 1, "maptarget": 76, "mode": 1, "tracesource": 75, "video": 6, "tracetarget": 76}}, {"pk": 73, "model": "geo.tracepointconnection", "fields": {"mapsource": 76, "cost": 1, "maptarget": 77, "mode": 1, "tracesource": 76, "video": 6, "tracetarget": 77}}, {"pk": 74, "model": "geo.tracepointconnection", "fields": {"mapsource": 77, "cost": 1, "maptarget": 78, "mode": 1, "tracesource": 77, "video": 6, "tracetarget": 78}}, {"pk": 75, "model": "geo.tracepointconnection", "fields": {"mapsource": 78, "cost": 1, "maptarget": 79, "mode": 1, "tracesource": 78, "video": 6, "tracetarget": 79}}, {"pk": 76, "model": "geo.tracepointconnection", "fields": {"mapsource": 79, "cost": 1, "maptarget": 80, "mode": 1, "tracesource": 79, "video": 6, "tracetarget": 80}}, {"pk": 77, "model": "geo.tracepointconnection", "fields": {"mapsource": 80, "cost": 1, "maptarget": 81, "mode": 1, "tracesource": 80, "video": 6, "tracetarget": 81}}, {"pk": 78, "model": "geo.tracepointconnection", "fields": {"mapsource": 81, "cost": 1, "maptarget": 82, "mode": 1, "tracesource": 81, "video": 6, "tracetarget": 82}}, {"pk": 79, "model": "geo.tracepointconnection", "fields": {"mapsource": 82, "cost": 1, "maptarget": 83, "mode": 1, "tracesource": 82, "video": 6, "tracetarget": 83}}, {"pk": 80, "model": "geo.tracepointconnection", "fields": {"mapsource": 83, "cost": 1, "maptarget": 84, "mode": 1, "tracesource": 83, "video": 6, "tracetarget": 84}}, {"pk": 81, "model": "geo.tracepointconnection", "fields": {"mapsource": 85, "cost": 1, "maptarget": 86, "mode": 0, "tracesource": 85, "video": 7, "tracetarget": 86}}, {"pk": 82, "model": "geo.tracepointconnection", "fields": {"mapsource": 86, "cost": 1, "maptarget": 87, "mode": 0, "tracesource": 86, "video": 7, "tracetarget": 87}}, {"pk": 83, "model": "geo.tracepointconnection", "fields": {"mapsource": 87, "cost": 1, "maptarget": 88, "mode": 0, "tracesource": 87, "video": 7, "tracetarget": 88}}, {"pk": 84, "model": "geo.tracepointconnection", "fields": {"mapsource": 88, "cost": 1, "maptarget": 89, "mode": 0, "tracesource": 88, "video": 7, "tracetarget": 89}}, {"pk": 85, "model": "geo.tracepointconnection", "fields": {"mapsource": 89, "cost": 1, "maptarget": 90, "mode": 0, "tracesource": 89, "video": 7, "tracetarget": 90}}, {"pk": 86, "model": "geo.tracepointconnection", "fields": {"mapsource": 90, "cost": 1, "maptarget": 91, "mode": 0, "tracesource": 90, "video": 7, "tracetarget": 91}}, {"pk": 87, "model": "geo.tracepointconnection", "fields": {"mapsource": 91, "cost": 1, "maptarget": 92, "mode": 0, "tracesource": 91, "video": 7, "tracetarget": 92}}, {"pk": 88, "model": "geo.tracepointconnection", "fields": {"mapsource": 92, "cost": 1, "maptarget": 93, "mode": 0, "tracesource": 92, "video": 7, "tracetarget": 93}}, {"pk": 89, "model": "geo.tracepointconnection", "fields": {"mapsource": 93, "cost": 1, "maptarget": 94, "mode": 0, "tracesource": 93, "video": 7, "tracetarget": 94}}, {"pk": 90, "model": "geo.tracepointconnection", "fields": {"mapsource": 94, "cost": 1, "maptarget": 95, "mode": 0, "tracesource": 94, "video": 7, "tracetarget": 95}}, {"pk": 91, "model": "geo.tracepointconnection", "fields": {"mapsource": 95, "cost": 1, "maptarget": 96, "mode": 0, "tracesource": 95, "video": 7, "tracetarget": 96}}, {"pk": 92, "model": "geo.tracepointconnection", "fields": {"mapsource": 96, "cost": 1, "maptarget": 97, "mode": 0, "tracesource": 96, "video": 7, "tracetarget": 97}}, {"pk": 93, "model": "geo.tracepointconnection", "fields": {"mapsource": 97, "cost": 1, "maptarget": 98, "mode": 0, "tracesource": 97, "video": 7, "tracetarget": 98}}, {"pk": 94, "model": "geo.tracepointconnection", "fields": {"mapsource": 98, "cost": 1, "maptarget": 99, "mode": 0, "tracesource": 98, "video": 7, "tracetarget": 99}}, {"pk": 95, "model": "geo.tracepointconnection", "fields": {"mapsource": 99, "cost": 1, "maptarget": 100, "mode": 0, "tracesource": 99, "video": 7, "tracetarget": 100}}, {"pk": 96, "model": "geo.tracepointconnection", "fields": {"mapsource": 100, "cost": 1, "maptarget": 101, "mode": 0, "tracesource": 100, "video": 7, "tracetarget": 101}}, {"pk": 97, "model": "geo.tracepointconnection", "fields": {"mapsource": 101, "cost": 1, "maptarget": 102, "mode": 0, "tracesource": 101, "video": 7, "tracetarget": 102}}, {"pk": 98, "model": "geo.tracepointconnection", "fields": {"mapsource": 102, "cost": 1, "maptarget": 103, "mode": 0, "tracesource": 102, "video": 7, "tracetarget": 103}}, {"pk": 99, "model": "geo.tracepointconnection", "fields": {"mapsource": 103, "cost": 1, "maptarget": 104, "mode": 0, "tracesource": 103, "video": 7, "tracetarget": 104}}, {"pk": 100, "model": "geo.tracepointconnection", "fields": {"mapsource": 104, "cost": 1, "maptarget": 105, "mode": 0, "tracesource": 104, "video": 7, "tracetarget": 105}}, {"pk": 101, "model": "geo.tracepointconnection", "fields": {"mapsource": 105, "cost": 1, "maptarget": 104, "mode": 0, "tracesource": 105, "video": 7, "tracetarget": 104}}, {"pk": 102, "model": "geo.tracepointconnection", "fields": {"mapsource": 104, "cost": 1, "maptarget": 105, "mode": 0, "tracesource": 104, "video": 7, "tracetarget": 105}}, {"pk": 103, "model": "geo.tracepointconnection", "fields": {"mapsource": 105, "cost": 1, "maptarget": 106, "mode": 0, "tracesource": 105, "video": 7, "tracetarget": 106}}, {"pk": 104, "model": "geo.tracepointconnection", "fields": {"mapsource": 106, "cost": 1, "maptarget": 107, "mode": 0, "tracesource": 106, "video": 7, "tracetarget": 107}}, {"pk": 105, "model": "geo.tracepointconnection", "fields": {"mapsource": 107, "cost": 1, "maptarget": 108, "mode": 0, "tracesource": 107, "video": 7, "tracetarget": 108}}, {"pk": 106, "model": "geo.tracepointconnection", "fields": {"mapsource": 108, "cost": 1, "maptarget": 109, "mode": 0, "tracesource": 108, "video": 7, "tracetarget": 109}}, {"pk": 107, "model": "geo.tracepointconnection", "fields": {"mapsource": 109, "cost": 1, "maptarget": 110, "mode": 0, "tracesource": 109, "video": 7, "tracetarget": 110}}, {"pk": 108, "model": "geo.tracepointconnection", "fields": {"mapsource": 110, "cost": 1, "maptarget": 111, "mode": 0, "tracesource": 110, "video": 7, "tracetarget": 111}}, {"pk": 109, "model": "geo.tracepointconnection", "fields": {"mapsource": 111, "cost": 1, "maptarget": 112, "mode": 0, "tracesource": 111, "video": 7, "tracetarget": 112}}, {"pk": 1, "model": "geo.mappointconnection", "fields": {"mapsource": 1, "cost": 20, "maptarget": 22}}, {"pk": 2, "model": "geo.mappointconnection", "fields": {"mapsource": 22, "cost": 20, "maptarget": 1}}, {"pk": 3, "model": "geo.mappointconnection", "fields": {"mapsource": 31, "cost": 20, "maptarget": 56}}, {"pk": 4, "model": "geo.mappointconnection", "fields": {"mapsource": 65, "cost": 20, "maptarget": 40}}, {"pk": 5, "model": "geo.mappointconnection", "fields": {"mapsource": 10, "cost": 20, "maptarget": 67}}, {"pk": 6, "model": "geo.mappointconnection", "fields": {"mapsource": 67, "cost": 20, "maptarget": 10}}, {"pk": 7, "model": "geo.mappointconnection", "fields": {"mapsource": 43, "cost": 20, "maptarget": 85}}, {"pk": 8, "model": "geo.mappointconnection", "fields": {"mapsource": 85, "cost": 20, "maptarget": 43}}]