[
   {
      "pk": 1, 
      "model": "pm.album", 
      "fields": {
         "description": "", 
         "title": "Kasachstan 2012", 
         "country": "", 
         "lon": "76.95851033192673185112653300166130065917968750000000000000000000000000000000000000000000000000000000000000000000000000000000000000000000000000", 
         "lat": "43.24315590082434113128329045139253139495849609375000000000000000000000000000000000000000000000000000000000000000000000000000000000000000000000", 
         "user": 4, 
         "date": "2013-01-16T21:55:51.500"
      }
   }, 
   {
      "pk": 2, 
      "model": "pm.album", 
      "fields": {
         "description": "", 
         "title": "Kasachstan 2012", 
         "country": "", 
         "lon": "76.95851033192673185112653300166130065917968750000000000000000000000000000000000000000000000000000000000000000000000000000000000000000000000000", 
         "lat": "43.24315590082434113128329045139253139495849609375000000000000000000000000000000000000000000000000000000000000000000000000000000000000000000000", 
         "user": 4, 
         "date": "2013-01-16T22:01:28.550"
      }
   }, 
   {
      "pk": 3, 
      "model": "pm.album", 
      "fields": {
         "description": "Spent an awsome weekend in Tashkent and Samarkand with old and new friends.", 
         "title": "Uzbekistan 2012", 
         "country": "", 
         "lon": "68.10352986317673185112653300166130065917968750000000000000000000000000000000000000000000000000000000000000000000000000000000000000000000000000", 
         "lat": "40.28995341339234670385849312879145145416259765625000000000000000000000000000000000000000000000000000000000000000000000000000000000000000000000", 
         "user": 4, 
         "date": "2013-01-16T22:05:27.672"
      }
   }, 
   {
      "pk": 4, 
      "model": "pm.album", 
      "fields": {
         "description": "Daytrip through the Kazakh steppe to the capital of the Almaty oblast with Alex, Uli and Keith.", 
         "title": "Taldykorgan", 
         "country": "", 
         "lon": "78.34828083973923185112653300166130065917968750000000000000000000000000000000000000000000000000000000000000000000000000000000000000000000000000", 
         "lat": "45.00166437295218457848022808320820331573486328125000000000000000000000000000000000000000000000000000000000000000000000000000000000000000000000", 
         "user": 4, 
         "date": "2013-01-16T22:09:11.240"
      }
   }, 
   {
      "pk": 1, 
      "model": "pm.place", 
      "fields": {
         "album": 1, 
         "description": "KKKK", 
         "title": "Palast der Republik", 
         "lon": "76.95864176016846158745465800166130065917968750000000000000000000000000000000000000000000000000000000000000000000000000000000000000000000000000", 
         "lat": "43.24324363961000727840655599720776081085205078125000000000000000000000000000000000000000000000000000000000000000000000000000000000000000000000", 
         "date": "2013-01-16T21:55:51.512"
      }
   }, 
   {
      "pk": 2, 
      "model": "pm.place", 
      "fields": {
         "album": 1, 
         "description": "Ausflug zum Kok Tobe, Almatys \"Hausberg\", mit Marissa am 26.08.2012.", 
         "title": "Kok Tobe", 
         "lon": "76.97607276600399472954450175166130065917968750000000000000000000000000000000000000000000000000000000000000000000000000000000000000000000000000", 
         "lat": "43.23414240177115175356448162347078323364257812500000000000000000000000000000000000000000000000000000000000000000000000000000000000000000000000", 
         "date": "2013-01-16T21:55:59.032"
      }
   }, 
   {
      "pk": 3, 
      "model": "pm.place", 
      "fields": {
         "album": 1, 
         "description": "Ausflug mit Marissa zum Kok Tobe, Almatys Hausberg am 26.08.2012.", 
         "title": "Tok Tobe", 
         "lon": "76.97655355196991422417340800166130065917968750000000000000000000000000000000000000000000000000000000000000000000000000000000000000000000000000", 
         "lat": "43.23365698682531643726179026998579502105712890625000000000000000000000000000000000000000000000000000000000000000000000000000000000000000000000", 
         "date": "2013-01-16T21:55:59.040"
      }
   }, 
   {
      "pk": 4, 
      "model": "pm.place", 
      "fields": {
         "album": 1, 
         "description": "", 
         "title": "Stadtbummel an meinem Geburtstag", 
         "lon": "76.95396666985550382378278300166130065917968750000000000000000000000000000000000000000000000000000000000000000000000000000000000000000000000000", 
         "lat": "43.25905196080284298432161449454724788665771484375000000000000000000000000000000000000000000000000000000000000000000000000000000000000000000000", 
         "date": "2013-01-16T21:56:21.927"
      }
   }, 
   {
      "pk": 5, 
      "model": "pm.place", 
      "fields": {
         "album": 1, 
         "description": "", 
         "title": "Eindr\u00fccke", 
         "lon": "76.90881972771683194878278300166130065917968750000000000000000000000000000000000000000000000000000000000000000000000000000000000000000000000000", 
         "lat": "43.23495323787594912801068858243525028228759765625000000000000000000000000000000000000000000000000000000000000000000000000000000000000000000000", 
         "date": "2013-01-16T21:57:03.122"
      }
   }, 
   {
      "pk": 6, 
      "model": "pm.place", 
      "fields": {
         "album": 1, 
         "description": "Hier unterrichte ich einmal die Woche \"History of International Relations\". ", 
         "title": "University of International Business (UIB)", 
         "lon": "76.94967111211815335991559550166130065917968750000000000000000000000000000000000000000000000000000000000000000000000000000000000000000000000000", 
         "lat": "43.24172234384803203965930151753127574920654296875000000000000000000000000000000000000000000000000000000000000000000000000000000000000000000000", 
         "date": "2013-01-16T21:57:13.116"
      }
   }, 
   {
      "pk": 7, 
      "model": "pm.place", 
      "fields": {
         "album": 1, 
         "description": "Hier k\u00f6nnte man fast meinen, man ist in Deutschland. Es gibt einfach alles: ", 
         "title": "Interfood", 
         "lon": "76.92504306894340970757184550166130065917968750000000000000000000000000000000000000000000000000000000000000000000000000000000000000000000000000", 
         "lat": "43.24044655851493246245809132233262062072753906250000000000000000000000000000000000000000000000000000000000000000000000000000000000000000000000", 
         "date": "2013-01-16T21:57:13.134"
      }
   }, 
   {
      "pk": 8, 
      "model": "pm.place", 
      "fields": {
         "album": 1, 
         "description": "", 
         "title": "Ile-Alatau-Nationalpark", 
         "lon": "77.59907682996788480522809550166130065917968750000000000000000000000000000000000000000000000000000000000000000000000000000000000000000000000000", 
         "lat": "43.37111002927974112708398024551570415496826171875000000000000000000000000000000000000000000000000000000000000000000000000000000000000000000000", 
         "date": "2013-01-16T21:57:13.149"
      }
   }, 
   {
      "pk": 9, 
      "model": "pm.place", 
      "fields": {
         "album": 1, 
         "description": "Der bekannteste Basar in der Stadt - ein riesiges Labyrinth und man bekommt hier wirklich alles.", 
         "title": "Baraholka", 
         "lon": "76.89090592425861814263043925166130065917968750000000000000000000000000000000000000000000000000000000000000000000000000000000000000000000000000", 
         "lat": "43.28658077750998955934846890158951282501220703125000000000000000000000000000000000000000000000000000000000000000000000000000000000000000000000", 
         "date": "2013-01-16T21:57:46.223"
      }
   }, 
   {
      "pk": 10, 
      "model": "pm.place", 
      "fields": {
         "album": 1, 
         "description": "", 
         "title": "\"They come to Kazakhstan to die.\"", 
         "lon": "76.91162498307028272392926737666130065917968750000000000000000000000000000000000000000000000000000000000000000000000000000000000000000000000000", 
         "lat": "43.25421532868364238311187364161014556884765625000000000000000000000000000000000000000000000000000000000000000000000000000000000000000000000000", 
         "date": "2013-01-16T21:58:47.468"
      }
   }, 
   {
      "pk": 11, 
      "model": "pm.place", 
      "fields": {
         "album": 1, 
         "description": "", 
         "title": "Meine neue Wohnung", 
         "lon": "76.89699621510305860283551737666130065917968750000000000000000000000000000000000000000000000000000000000000000000000000000000000000000000000000", 
         "lat": "43.23477273856064329038417781703174114227294921875000000000000000000000000000000000000000000000000000000000000000000000000000000000000000000000", 
         "date": "2013-01-16T21:59:14.643"
      }
   }, 
   {
      "pk": 12, 
      "model": "pm.place", 
      "fields": {
         "album": 1, 
         "description": "", 
         "title": "Abai Theater", 
         "lon": "76.94595725846090772392926737666130065917968750000000000000000000000000000000000000000000000000000000000000000000000000000000000000000000000000", 
         "lat": "43.24893854534694526137172942981123924255371093750000000000000000000000000000000000000000000000000000000000000000000000000000000000000000000000", 
         "date": "2013-01-16T21:59:14.649"
      }
   }, 
   {
      "pk": 13, 
      "model": "pm.place", 
      "fields": {
         "album": 1, 
         "description": "Wonderful hike up to the lake with Lisa, Keith and John.", 
         "title": "Big Almaty Lake", 
         "lon": "76.98741348099508741142926737666130065917968750000000000000000000000000000000000000000000000000000000000000000000000000000000000000000000000000", 
         "lat": "43.05528801203357858184972428716719150543212890625000000000000000000000000000000000000000000000000000000000000000000000000000000000000000000000", 
         "date": "2013-01-16T21:59:14.661"
      }
   }, 
   {
      "pk": 14, 
      "model": "pm.place", 
      "fields": {
         "album": 1, 
         "description": "Almaty's famous ice rink located 1,691 metres above sea level - the highest worldwide.", 
         "title": "Medeu", 
         "lon": "77.05321311950683593750000000000000000000000000000000000000000000000000000000000000000000000000000000000000000000000000000000000000000000000000", 
         "lat": "43.15685839305898241491377120837569236755371093750000000000000000000000000000000000000000000000000000000000000000000000000000000000000000000000", 
         "date": "2013-01-16T21:59:14.674"
      }
   }, 
   {
      "pk": 15, 
      "model": "pm.place", 
      "fields": {
         "album": 2, 
         "description": "KKKK", 
         "title": "Palast der Republik", 
         "lon": "76.95864176016846158745465800166130065917968750000000000000000000000000000000000000000000000000000000000000000000000000000000000000000000000000", 
         "lat": "43.24324363961000727840655599720776081085205078125000000000000000000000000000000000000000000000000000000000000000000000000000000000000000000000", 
         "date": "2013-01-16T22:01:28.569"
      }
   }, 
   {
      "pk": 16, 
      "model": "pm.place", 
      "fields": {
         "album": 2, 
         "description": "Ausflug zum Kok Tobe, Almatys \"Hausberg\", mit Marissa am 26.08.2012.", 
         "title": "Kok Tobe", 
         "lon": "76.97607276600399472954450175166130065917968750000000000000000000000000000000000000000000000000000000000000000000000000000000000000000000000000", 
         "lat": "43.23414240177115175356448162347078323364257812500000000000000000000000000000000000000000000000000000000000000000000000000000000000000000000000", 
         "date": "2013-01-16T22:01:34.049"
      }
   }, 
   {
      "pk": 17, 
      "model": "pm.place", 
      "fields": {
         "album": 2, 
         "description": "Ausflug mit Marissa zum Kok Tobe, Almatys Hausberg am 26.08.2012.", 
         "title": "Tok Tobe", 
         "lon": "76.97655355196991422417340800166130065917968750000000000000000000000000000000000000000000000000000000000000000000000000000000000000000000000000", 
         "lat": "43.23365698682531643726179026998579502105712890625000000000000000000000000000000000000000000000000000000000000000000000000000000000000000000000", 
         "date": "2013-01-16T22:01:34.058"
      }
   }, 
   {
      "pk": 18, 
      "model": "pm.place", 
      "fields": {
         "album": 2, 
         "description": "", 
         "title": "Stadtbummel an meinem Geburtstag", 
         "lon": "76.95396666985550382378278300166130065917968750000000000000000000000000000000000000000000000000000000000000000000000000000000000000000000000000", 
         "lat": "43.25905196080284298432161449454724788665771484375000000000000000000000000000000000000000000000000000000000000000000000000000000000000000000000", 
         "date": "2013-01-16T22:01:53.862"
      }
   }, 
   {
      "pk": 19, 
      "model": "pm.place", 
      "fields": {
         "album": 2, 
         "description": "", 
         "title": "Eindr\u00fccke", 
         "lon": "76.90881972771683194878278300166130065917968750000000000000000000000000000000000000000000000000000000000000000000000000000000000000000000000000", 
         "lat": "43.23495323787594912801068858243525028228759765625000000000000000000000000000000000000000000000000000000000000000000000000000000000000000000000", 
         "date": "2013-01-16T22:02:44.842"
      }
   }, 
   {
      "pk": 20, 
      "model": "pm.place", 
      "fields": {
         "album": 2, 
         "description": "Hier unterrichte ich einmal die Woche \"History of International Relations\". ", 
         "title": "University of International Business (UIB)", 
         "lon": "76.94967111211815335991559550166130065917968750000000000000000000000000000000000000000000000000000000000000000000000000000000000000000000000000", 
         "lat": "43.24172234384803203965930151753127574920654296875000000000000000000000000000000000000000000000000000000000000000000000000000000000000000000000", 
         "date": "2013-01-16T22:02:55.871"
      }
   }, 
   {
      "pk": 21, 
      "model": "pm.place", 
      "fields": {
         "album": 2, 
         "description": "Hier k\u00f6nnte man fast meinen, man ist in Deutschland. Es gibt einfach alles: ", 
         "title": "Interfood", 
         "lon": "76.92504306894340970757184550166130065917968750000000000000000000000000000000000000000000000000000000000000000000000000000000000000000000000000", 
         "lat": "43.24044655851493246245809132233262062072753906250000000000000000000000000000000000000000000000000000000000000000000000000000000000000000000000", 
         "date": "2013-01-16T22:02:55.888"
      }
   }, 
   {
      "pk": 22, 
      "model": "pm.place", 
      "fields": {
         "album": 2, 
         "description": "", 
         "title": "Ile-Alatau-Nationalpark", 
         "lon": "77.59907682996788480522809550166130065917968750000000000000000000000000000000000000000000000000000000000000000000000000000000000000000000000000", 
         "lat": "43.37111002927974112708398024551570415496826171875000000000000000000000000000000000000000000000000000000000000000000000000000000000000000000000", 
         "date": "2013-01-16T22:02:55.894"
      }
   }, 
   {
      "pk": 23, 
      "model": "pm.place", 
      "fields": {
         "album": 2, 
         "description": "Der bekannteste Basar in der Stadt - ein riesiges Labyrinth und man bekommt hier wirklich alles.", 
         "title": "Baraholka", 
         "lon": "76.89090592425861814263043925166130065917968750000000000000000000000000000000000000000000000000000000000000000000000000000000000000000000000000", 
         "lat": "43.28658077750998955934846890158951282501220703125000000000000000000000000000000000000000000000000000000000000000000000000000000000000000000000", 
         "date": "2013-01-16T22:03:57.427"
      }
   }, 
   {
      "pk": 24, 
      "model": "pm.place", 
      "fields": {
         "album": 2, 
         "description": "", 
         "title": "\"They come to Kazakhstan to die.\"", 
         "lon": "76.91162498307028272392926737666130065917968750000000000000000000000000000000000000000000000000000000000000000000000000000000000000000000000000", 
         "lat": "43.25421532868364238311187364161014556884765625000000000000000000000000000000000000000000000000000000000000000000000000000000000000000000000000", 
         "date": "2013-01-16T22:04:49.766"
      }
   }, 
   {
      "pk": 25, 
      "model": "pm.place", 
      "fields": {
         "album": 2, 
         "description": "", 
         "title": "Meine neue Wohnung", 
         "lon": "76.89699621510305860283551737666130065917968750000000000000000000000000000000000000000000000000000000000000000000000000000000000000000000000000", 
         "lat": "43.23477273856064329038417781703174114227294921875000000000000000000000000000000000000000000000000000000000000000000000000000000000000000000000", 
         "date": "2013-01-16T22:05:10.604"
      }
   }, 
   {
      "pk": 26, 
      "model": "pm.place", 
      "fields": {
         "album": 2, 
         "description": "", 
         "title": "Abai Theater", 
         "lon": "76.94595725846090772392926737666130065917968750000000000000000000000000000000000000000000000000000000000000000000000000000000000000000000000000", 
         "lat": "43.24893854534694526137172942981123924255371093750000000000000000000000000000000000000000000000000000000000000000000000000000000000000000000000", 
         "date": "2013-01-16T22:05:10.613"
      }
   }, 
   {
      "pk": 27, 
      "model": "pm.place", 
      "fields": {
         "album": 2, 
         "description": "Wonderful hike up to the lake with Lisa, Keith and John.", 
         "title": "Big Almaty Lake", 
         "lon": "76.98741348099508741142926737666130065917968750000000000000000000000000000000000000000000000000000000000000000000000000000000000000000000000000", 
         "lat": "43.05528801203357858184972428716719150543212890625000000000000000000000000000000000000000000000000000000000000000000000000000000000000000000000", 
         "date": "2013-01-16T22:05:10.623"
      }
   }, 
   {
      "pk": 28, 
      "model": "pm.place", 
      "fields": {
         "album": 2, 
         "description": "Almaty's famous ice rink located 1,691 metres above sea level - the highest worldwide.", 
         "title": "Medeu", 
         "lon": "77.05321311950683593750000000000000000000000000000000000000000000000000000000000000000000000000000000000000000000000000000000000000000000000000", 
         "lat": "43.15685839305898241491377120837569236755371093750000000000000000000000000000000000000000000000000000000000000000000000000000000000000000000000", 
         "date": "2013-01-16T22:05:10.636"
      }
   }, 
   {
      "pk": 29, 
      "model": "pm.place", 
      "fields": {
         "album": 3, 
         "description": "After meeting my friend Marlen at the airport we spent Friday and Sunday in Tashkent. On Saturday we took the Afrosiab train to Samarkand :-)", 
         "title": "Tashkent", 
         "lon": "69.25297444325485685112653300166130065917968750000000000000000000000000000000000000000000000000000000000000000000000000000000000000000000000000", 
         "lat": "41.31570947084756539879890624433755874633789062500000000000000000000000000000000000000000000000000000000000000000000000000000000000000000000000", 
         "date": "2013-01-16T22:05:27.686"
      }
   }, 
   {
      "pk": 30, 
      "model": "pm.place", 
      "fields": {
         "album": 3, 
         "description": "One of the few places I dreamed travelling to for years - and I made it :-)", 
         "title": "Samarkand", 
         "lon": "66.98979084950485685112653300166130065917968750000000000000000000000000000000000000000000000000000000000000000000000000000000000000000000000000", 
         "lat": "39.64274594037581778138701338320970535278320312500000000000000000000000000000000000000000000000000000000000000000000000000000000000000000000000", 
         "date": "2013-01-16T22:07:03.317"
      }
   }, 
   {
      "pk": 31, 
      "model": "pm.place", 
      "fields": {
         "album": 4, 
         "description": "", 
         "title": "Central Park", 
         "lon": "78.38928645115890958550153300166130065917968750000000000000000000000000000000000000000000000000000000000000000000000000000000000000000000000000", 
         "lat": "45.01925422262376486060020397417247295379638671875000000000000000000000000000000000000000000000000000000000000000000000000000000000000000000000", 
         "date": "2013-01-16T22:09:11.264"
      }
   }, 
   {
      "pk": 1, 
      "model": "pm.photo", 
      "fields": {
         "description": "", 
         "title": "Palast der Republik", 
         "photo": "4-2012-09-05/1-5669f7db-8a91-49fb-b75e-59881459f189.jpeg", 
         "place": 1, 
         "date": "2013-01-16T21:55:59.022", 
         "size": 21315, 
         "order": 0, 
         "thumb": "4-2012-09-05/1-5669f7db-8a91-49fb-b75e-59881459f189.0.jpeg"
      }
   }, 
   {
      "pk": 2, 
      "model": "pm.photo", 
      "fields": {
         "description": "", 
         "title": "Blick auf Almaty vom Kok Tobe", 
         "photo": "4-2012-09-05/3-e71f0d12-9388-4e9f-b4ef-6f26dc043deb.jpeg", 
         "place": 3, 
         "date": "2013-01-16T21:56:05.585", 
         "size": 59937, 
         "order": 0, 
         "thumb": "4-2012-09-05/3-e71f0d12-9388-4e9f-b4ef-6f26dc043deb.0.jpeg"
      }
   }, 
   {
      "pk": 3, 
      "model": "pm.photo", 
      "fields": {
         "description": "Warum hier mitten in Almaty ein Beatles Denkmal steht? Keine Ahnung - aber die Einheimischen hier scheinen es zu lieben, so abgegriffen wie es ist.", 
         "title": "Beatles Denkmal", 
         "photo": "4-2012-09-05/3-df30088b-6cfb-4dbe-90f9-25e1b5f2e911.jpeg", 
         "place": 3, 
         "date": "2013-01-16T21:56:13.706", 
         "size": 73933, 
         "order": 1, 
         "thumb": "4-2012-09-05/3-df30088b-6cfb-4dbe-90f9-25e1b5f2e911.0.jpeg"
      }
   }, 
   {
      "pk": 4, 
      "model": "pm.photo", 
      "fields": {
         "description": "", 
         "title": "Apfel Denkmal", 
         "photo": "4-2012-09-05/3-b563db45-1449-4cef-a580-95efab4e447a.jpeg", 
         "place": 3, 
         "date": "2013-01-16T21:56:21.918", 
         "size": 55604, 
         "order": 2, 
         "thumb": "4-2012-09-05/3-b563db45-1449-4cef-a580-95efab4e447a.0.jpeg"
      }
   }, 
   {
      "pk": 5, 
      "model": "pm.photo", 
      "fields": {
         "description": "", 
         "title": "Denkmal", 
         "photo": "4-2012-09-05/4-bf6b4b7d-e5a6-457c-8828-0a7557766e8a.jpeg", 
         "place": 4, 
         "date": "2013-01-16T21:56:28.148", 
         "size": 71702, 
         "order": 0, 
         "thumb": "4-2012-09-05/4-bf6b4b7d-e5a6-457c-8828-0a7557766e8a.0.jpeg"
      }
   }, 
   {
      "pk": 6, 
      "model": "pm.photo", 
      "fields": {
         "description": "", 
         "title": "Vor der Holzkathedrale", 
         "photo": "4-2012-09-05/4-0a785f8a-10bf-4fd9-a528-e060be583112.jpeg", 
         "place": 4, 
         "date": "2013-01-16T21:56:37.518", 
         "size": 62629, 
         "order": 1, 
         "thumb": "4-2012-09-05/4-0a785f8a-10bf-4fd9-a528-e060be583112.0.jpeg"
      }
   }, 
   {
      "pk": 7, 
      "model": "pm.photo", 
      "fields": {
         "description": "", 
         "title": "In der Holzkathedrale", 
         "photo": "4-2012-09-05/4-fd3ba7e9-1909-49b1-989e-f1a2303f0f1d.jpeg", 
         "place": 4, 
         "date": "2013-01-16T21:56:44.723", 
         "size": 69458, 
         "order": 2, 
         "thumb": "4-2012-09-05/4-fd3ba7e9-1909-49b1-989e-f1a2303f0f1d.0.jpeg"
      }
   }, 
   {
      "pk": 8, 
      "model": "pm.photo", 
      "fields": {
         "description": "", 
         "title": "In der Holzkathedrale II", 
         "photo": "4-2012-09-05/4-f39b6973-705a-4b9f-af57-8ea0d3abad78.jpeg", 
         "place": 4, 
         "date": "2013-01-16T21:56:53.135", 
         "size": 37778, 
         "order": 3, 
         "thumb": "4-2012-09-05/4-f39b6973-705a-4b9f-af57-8ea0d3abad78.0.jpeg"
      }
   }, 
   {
      "pk": 9, 
      "model": "pm.photo", 
      "fields": {
         "description": "", 
         "title": "Angela in Almaty :-)", 
         "photo": "4-2012-09-05/4-50f402a7-1ee8-4c96-b45a-3cfc13bdf538.jpeg", 
         "place": 4, 
         "date": "2013-01-16T21:57:03.113", 
         "size": 55735, 
         "order": 4, 
         "thumb": "4-2012-09-05/4-50f402a7-1ee8-4c96-b45a-3cfc13bdf538.0.jpeg"
      }
   }, 
   {
      "pk": 10, 
      "model": "pm.photo", 
      "fields": {
         "description": "", 
         "title": "Marktstand", 
         "photo": "4-2012-09-05/5-052c7951-dffb-4e0e-942e-bed91ac13716.jpeg", 
         "place": 5, 
         "date": "2013-01-16T21:57:13.108", 
         "size": 60361, 
         "order": 0, 
         "thumb": "4-2012-09-05/5-052c7951-dffb-4e0e-942e-bed91ac13716.0.jpeg"
      }
   }, 
   {
      "pk": 11, 
      "model": "pm.photo", 
      "fields": {
         "description": "Die ganze Tour war nat\u00fcrlich auf Russisch und unsere Reisef\u00fchrerin hat ohne Punkt und Komma die ganze Zeit geredet... ich k\u00f6nnte jetzt also alles \u00fcber die Gegend wissen. Stattdessen wei\u00df ich nur, dass ich nie mehr so ne Tour machen werde.", 
         "title": "keine Ahnung :-)", 
         "photo": "4-2012-09-05/8-11d242d9-68e4-450d-bf8e-1d6e5e190103.jpeg", 
         "place": 8, 
         "date": "2013-01-16T21:57:19.805", 
         "size": 134455, 
         "order": 0, 
         "thumb": "4-2012-09-05/8-11d242d9-68e4-450d-bf8e-1d6e5e190103.0.jpeg"
      }
   }, 
   {
      "pk": 12, 
      "model": "pm.photo", 
      "fields": {
         "description": "", 
         "title": "Am Turgen Fluss vor unserer Wanderung zum Wasserfall", 
         "photo": "4-2012-09-05/8-47c8702a-3c86-435f-bed2-fe33ee9a950a.jpeg", 
         "place": 8, 
         "date": "2013-01-16T21:57:30.672", 
         "size": 223358, 
         "order": 1, 
         "thumb": "4-2012-09-05/8-47c8702a-3c86-435f-bed2-fe33ee9a950a.0.jpeg"
      }
   }, 
   {
      "pk": 13, 
      "model": "pm.photo", 
      "fields": {
         "description": "", 
         "title": "Marissa - Almaty happy", 
         "photo": "4-2012-09-05/8-6d891d1e-9004-474b-a922-7890e5f85a66.jpeg", 
         "place": 8, 
         "date": "2013-01-16T21:57:37.252", 
         "size": 171768, 
         "order": 2, 
         "thumb": "4-2012-09-05/8-6d891d1e-9004-474b-a922-7890e5f85a66.0.jpeg"
      }
   }, 
   {
      "pk": 14, 
      "model": "pm.photo", 
      "fields": {
         "description": "", 
         "title": "...und ich", 
         "photo": "4-2012-09-05/8-d7e78ff6-6d99-4c85-901e-7ea4269d38a8.jpeg", 
         "place": 8, 
         "date": "2013-01-16T21:57:46.216", 
         "size": 183255, 
         "order": 3, 
         "thumb": "4-2012-09-05/8-d7e78ff6-6d99-4c85-901e-7ea4269d38a8.0.jpeg"
      }
   }, 
   {
      "pk": 15, 
      "model": "pm.photo", 
      "fields": {
         "description": "", 
         "title": "Baraholka", 
         "photo": "4-2012-09-05/9-0c0ed596-bd13-4ae8-850d-23e7bc9a9cc8.jpeg", 
         "place": 9, 
         "date": "2013-01-16T21:57:52.519", 
         "size": 168995, 
         "order": 0, 
         "thumb": "4-2012-09-05/9-0c0ed596-bd13-4ae8-850d-23e7bc9a9cc8.0.jpeg"
      }
   }, 
   {
      "pk": 16, 
      "model": "pm.photo", 
      "fields": {
         "description": "", 
         "title": "Ein Basar aus Containern", 
         "photo": "4-2012-09-05/9-7f7b5e40-bc1e-4054-9a52-b81583bc6a88.jpeg", 
         "place": 9, 
         "date": "2013-01-16T21:57:58.149", 
         "size": 114754, 
         "order": 1, 
         "thumb": "4-2012-09-05/9-7f7b5e40-bc1e-4054-9a52-b81583bc6a88.0.jpeg"
      }
   }, 
   {
      "pk": 17, 
      "model": "pm.photo", 
      "fields": {
         "description": "", 
         "title": "Haarschleifen", 
         "photo": "4-2012-09-05/9-8f0e00f8-c60a-4b8b-b736-53095dc6c8c5.jpeg", 
         "place": 9, 
         "date": "2013-01-16T21:58:06.503", 
         "size": 143423, 
         "order": 2, 
         "thumb": "4-2012-09-05/9-8f0e00f8-c60a-4b8b-b736-53095dc6c8c5.0.jpeg"
      }
   }, 
   {
      "pk": 18, 
      "model": "pm.photo", 
      "fields": {
         "description": "", 
         "title": "Die Lampenabteilung", 
         "photo": "4-2012-09-05/9-b8a1bb5e-b5e2-4df5-804c-e5e065276f29.jpeg", 
         "place": 9, 
         "date": "2013-01-16T21:58:17.088", 
         "size": 257883, 
         "order": 3, 
         "thumb": "4-2012-09-05/9-b8a1bb5e-b5e2-4df5-804c-e5e065276f29.0.jpeg"
      }
   }, 
   {
      "pk": 19, 
      "model": "pm.photo", 
      "fields": {
         "description": "", 
         "title": "Birnen aus dem Kofferraum", 
         "photo": "4-2012-09-05/9-d431ee68-a445-431e-a0b1-d2ebdd873c31.jpeg", 
         "place": 9, 
         "date": "2013-01-16T21:58:29.248", 
         "size": 178457, 
         "order": 4, 
         "thumb": "4-2012-09-05/9-d431ee68-a445-431e-a0b1-d2ebdd873c31.0.jpeg"
      }
   }, 
   {
      "pk": 20, 
      "model": "pm.photo", 
      "fields": {
         "description": "", 
         "title": "Keith, John und echtes Basarfastfood", 
         "photo": "4-2012-09-05/9-4841572b-6a5f-404f-9811-8b5b5fa6c231.jpeg", 
         "place": 9, 
         "date": "2013-01-16T21:58:47.440", 
         "size": 121827, 
         "order": 5, 
         "thumb": "4-2012-09-05/9-4841572b-6a5f-404f-9811-8b5b5fa6c231.0.jpeg"
      }
   }, 
   {
      "pk": 21, 
      "model": "pm.photo", 
      "fields": {
         "description": "", 
         "title": "BASF in Almaty", 
         "photo": "4-2012-09-05/10-8b2960c5-4c84-4a52-85b0-6121f3ae3f5d.jpeg", 
         "place": 10, 
         "date": "2013-01-16T21:59:02.203", 
         "size": 118745, 
         "order": 0, 
         "thumb": "4-2012-09-05/10-8b2960c5-4c84-4a52-85b0-6121f3ae3f5d.0.jpeg"
      }
   }, 
   {
      "pk": 22, 
      "model": "pm.photo", 
      "fields": {
         "description": "", 
         "title": "Almaty - Kaldenkirchen", 
         "photo": "4-2012-09-05/10-80d4fb92-fa1f-4bff-81ca-3af74036eae7.jpeg", 
         "place": 10, 
         "date": "2013-01-16T21:59:14.632", 
         "size": 68619, 
         "order": 1, 
         "thumb": "4-2012-09-05/10-80d4fb92-fa1f-4bff-81ca-3af74036eae7.0.jpeg"
      }
   }, 
   {
      "pk": 23, 
      "model": "pm.photo", 
      "fields": {
         "description": "", 
         "title": "With my favourite sister :-)", 
         "photo": "4-2012-09-05/14-8f09672b-2e3a-401e-b927-f536144307a9.jpeg", 
         "place": 14, 
         "date": "2013-01-16T21:59:30.185", 
         "size": 198379, 
         "order": 0, 
         "thumb": "4-2012-09-05/14-8f09672b-2e3a-401e-b927-f536144307a9.0.jpeg"
      }
   }, 
   {
      "pk": 24, 
      "model": "pm.photo", 
      "fields": {
         "description": "", 
         "title": "Palast der Republik", 
         "photo": "4-2012-09-05/15-50ef6a0d-7b37-410f-99a7-1175434cfb5f.jpeg", 
         "place": 15, 
         "date": "2013-01-16T22:01:34.039", 
         "size": 21315, 
         "order": 0, 
         "thumb": "4-2012-09-05/15-50ef6a0d-7b37-410f-99a7-1175434cfb5f.0.jpeg"
      }
   }, 
   {
      "pk": 25, 
      "model": "pm.photo", 
      "fields": {
         "description": "", 
         "title": "Blick auf Almaty vom Kok Tobe", 
         "photo": "4-2012-09-05/17-417e3b91-10cf-4da2-afec-f485589aec01.jpeg", 
         "place": 17, 
         "date": "2013-01-16T22:01:40.152", 
         "size": 59937, 
         "order": 0, 
         "thumb": "4-2012-09-05/17-417e3b91-10cf-4da2-afec-f485589aec01.0.jpeg"
      }
   }, 
   {
      "pk": 26, 
      "model": "pm.photo", 
      "fields": {
         "description": "Warum hier mitten in Almaty ein Beatles Denkmal steht? Keine Ahnung - aber die Einheimischen hier scheinen es zu lieben, so abgegriffen wie es ist.", 
         "title": "Beatles Denkmal", 
         "photo": "4-2012-09-05/17-61d48337-7669-42f6-b7ce-7564092ac528.jpeg", 
         "place": 17, 
         "date": "2013-01-16T22:01:48.692", 
         "size": 73933, 
         "order": 1, 
         "thumb": "4-2012-09-05/17-61d48337-7669-42f6-b7ce-7564092ac528.0.jpeg"
      }
   }, 
   {
      "pk": 27, 
      "model": "pm.photo", 
      "fields": {
         "description": "", 
         "title": "Apfel Denkmal", 
         "photo": "4-2012-09-05/17-589d1fe9-cf2d-4f85-baaf-e7dccebaa6eb.jpeg", 
         "place": 17, 
         "date": "2013-01-16T22:01:53.847", 
         "size": 55604, 
         "order": 2, 
         "thumb": "4-2012-09-05/17-589d1fe9-cf2d-4f85-baaf-e7dccebaa6eb.0.jpeg"
      }
   }, 
   {
      "pk": 28, 
      "model": "pm.photo", 
      "fields": {
         "description": "", 
         "title": "Denkmal", 
         "photo": "4-2012-09-05/18-813ca0c3-fdbe-43fc-b0bb-2306296ba340.jpeg", 
         "place": 18, 
         "date": "2013-01-16T22:02:03.264", 
         "size": 71702, 
         "order": 0, 
         "thumb": "4-2012-09-05/18-813ca0c3-fdbe-43fc-b0bb-2306296ba340.0.jpeg"
      }
   }, 
   {
      "pk": 29, 
      "model": "pm.photo", 
      "fields": {
         "description": "", 
         "title": "Vor der Holzkathedrale", 
         "photo": "4-2012-09-05/18-f3c85559-11eb-43b5-a165-d348d322ad05.jpeg", 
         "place": 18, 
         "date": "2013-01-16T22:02:15.499", 
         "size": 62629, 
         "order": 1, 
         "thumb": "4-2012-09-05/18-f3c85559-11eb-43b5-a165-d348d322ad05.0.jpeg"
      }
   }, 
   {
      "pk": 30, 
      "model": "pm.photo", 
      "fields": {
         "description": "", 
         "title": "In der Holzkathedrale", 
         "photo": "4-2012-09-05/18-547b1c66-a0af-420b-8851-6d286e0a581b.jpeg", 
         "place": 18, 
         "date": "2013-01-16T22:02:25.010", 
         "size": 69458, 
         "order": 2, 
         "thumb": "4-2012-09-05/18-547b1c66-a0af-420b-8851-6d286e0a581b.0.jpeg"
      }
   }, 
   {
      "pk": 31, 
      "model": "pm.photo", 
      "fields": {
         "description": "", 
         "title": "In der Holzkathedrale II", 
         "photo": "4-2012-09-05/18-fa59e432-c275-49aa-aaa2-a09e7edd7bf5.jpeg", 
         "place": 18, 
         "date": "2013-01-16T22:02:29.241", 
         "size": 37778, 
         "order": 3, 
         "thumb": "4-2012-09-05/18-fa59e432-c275-49aa-aaa2-a09e7edd7bf5.0.jpeg"
      }
   }, 
   {
      "pk": 32, 
      "model": "pm.photo", 
      "fields": {
         "description": "", 
         "title": "Angela in Almaty :-)", 
         "photo": "4-2012-09-05/18-2d1eb24e-1aa7-47e2-9851-5004e5ed2816.jpeg", 
         "place": 18, 
         "date": "2013-01-16T22:02:44.833", 
         "size": 55735, 
         "order": 4, 
         "thumb": "4-2012-09-05/18-2d1eb24e-1aa7-47e2-9851-5004e5ed2816.0.jpeg"
      }
   }, 
   {
      "pk": 33, 
      "model": "pm.photo", 
      "fields": {
         "description": "", 
         "title": "Marktstand", 
         "photo": "4-2012-09-05/19-d57b9083-1f9b-4862-b43d-363b4b59bb3d.jpeg", 
         "place": 19, 
         "date": "2013-01-16T22:02:55.862", 
         "size": 60361, 
         "order": 0, 
         "thumb": "4-2012-09-05/19-d57b9083-1f9b-4862-b43d-363b4b59bb3d.0.jpeg"
      }
   }, 
   {
      "pk": 34, 
      "model": "pm.photo", 
      "fields": {
         "description": "Die ganze Tour war nat\u00fcrlich auf Russisch und unsere Reisef\u00fchrerin hat ohne Punkt und Komma die ganze Zeit geredet... ich k\u00f6nnte jetzt also alles \u00fcber die Gegend wissen. Stattdessen wei\u00df ich nur, dass ich nie mehr so ne Tour machen werde.", 
         "title": "keine Ahnung :-)", 
         "photo": "4-2012-09-05/22-65041e04-d072-4162-afbe-a4daace946fc.jpeg", 
         "place": 22, 
         "date": "2013-01-16T22:03:26.011", 
         "size": 134455, 
         "order": 0, 
         "thumb": "4-2012-09-05/22-65041e04-d072-4162-afbe-a4daace946fc.0.jpeg"
      }
   }, 
   {
      "pk": 35, 
      "model": "pm.photo", 
      "fields": {
         "description": "", 
         "title": "Am Turgen Fluss vor unserer Wanderung zum Wasserfall", 
         "photo": "4-2012-09-05/22-4368a648-1767-4833-8113-b75f0ad0164f.jpeg", 
         "place": 22, 
         "date": "2013-01-16T22:03:41.343", 
         "size": 223358, 
         "order": 1, 
         "thumb": "4-2012-09-05/22-4368a648-1767-4833-8113-b75f0ad0164f.0.jpeg"
      }
   }, 
   {
      "pk": 36, 
      "model": "pm.photo", 
      "fields": {
         "description": "", 
         "title": "Marissa - Almaty happy", 
         "photo": "4-2012-09-05/22-78bc1a9a-c3b3-44ee-baed-ce3f44fea1c0.jpeg", 
         "place": 22, 
         "date": "2013-01-16T22:03:50.106", 
         "size": 171768, 
         "order": 2, 
         "thumb": "4-2012-09-05/22-78bc1a9a-c3b3-44ee-baed-ce3f44fea1c0.0.jpeg"
      }
   }, 
   {
      "pk": 37, 
      "model": "pm.photo", 
      "fields": {
         "description": "", 
         "title": "...und ich", 
         "photo": "4-2012-09-05/22-27d96df1-4ce4-40d7-80a8-d903c68a783b.jpeg", 
         "place": 22, 
         "date": "2013-01-16T22:03:57.418", 
         "size": 183255, 
         "order": 3, 
         "thumb": "4-2012-09-05/22-27d96df1-4ce4-40d7-80a8-d903c68a783b.0.jpeg"
      }
   }, 
   {
      "pk": 38, 
      "model": "pm.photo", 
      "fields": {
         "description": "", 
         "title": "Baraholka", 
         "photo": "4-2012-09-05/23-91bebb30-cbb8-4621-80f2-12cb11ffef8f.jpeg", 
         "place": 23, 
         "date": "2013-01-16T22:04:05.497", 
         "size": 168995, 
         "order": 0, 
         "thumb": "4-2012-09-05/23-91bebb30-cbb8-4621-80f2-12cb11ffef8f.0.jpeg"
      }
   }, 
   {
      "pk": 39, 
      "model": "pm.photo", 
      "fields": {
         "description": "", 
         "title": "Ein Basar aus Containern", 
         "photo": "4-2012-09-05/23-e6093035-d4d9-41eb-8b47-69b59a30b7c2.jpeg", 
         "place": 23, 
         "date": "2013-01-16T22:04:15.928", 
         "size": 114754, 
         "order": 1, 
         "thumb": "4-2012-09-05/23-e6093035-d4d9-41eb-8b47-69b59a30b7c2.0.jpeg"
      }
   }, 
   {
      "pk": 40, 
      "model": "pm.photo", 
      "fields": {
         "description": "", 
         "title": "Haarschleifen", 
         "photo": "4-2012-09-05/23-4487553a-e263-4097-9dba-d85fcd0f0468.jpeg", 
         "place": 23, 
         "date": "2013-01-16T22:04:24.811", 
         "size": 143423, 
         "order": 2, 
         "thumb": "4-2012-09-05/23-4487553a-e263-4097-9dba-d85fcd0f0468.0.jpeg"
      }
   }, 
   {
      "pk": 41, 
      "model": "pm.photo", 
      "fields": {
         "description": "", 
         "title": "Die Lampenabteilung", 
         "photo": "4-2012-09-05/23-aa5d702c-9438-49a8-bc9c-85f395c22998.jpeg", 
         "place": 23, 
         "date": "2013-01-16T22:04:34.914", 
         "size": 257883, 
         "order": 3, 
         "thumb": "4-2012-09-05/23-aa5d702c-9438-49a8-bc9c-85f395c22998.0.jpeg"
      }
   }, 
   {
      "pk": 42, 
      "model": "pm.photo", 
      "fields": {
         "description": "", 
         "title": "Birnen aus dem Kofferraum", 
         "photo": "4-2012-09-05/23-34fdb565-abec-4cd8-a25c-5cb8b47b985f.jpeg", 
         "place": 23, 
         "date": "2013-01-16T22:04:42.393", 
         "size": 178457, 
         "order": 4, 
         "thumb": "4-2012-09-05/23-34fdb565-abec-4cd8-a25c-5cb8b47b985f.0.jpeg"
      }
   }, 
   {
      "pk": 43, 
      "model": "pm.photo", 
      "fields": {
         "description": "", 
         "title": "Keith, John und echtes Basarfastfood", 
         "photo": "4-2012-09-05/23-7edb04de-0db4-49f2-a629-abce2b75ba69.jpeg", 
         "place": 23, 
         "date": "2013-01-16T22:04:49.740", 
         "size": 121827, 
         "order": 5, 
         "thumb": "4-2012-09-05/23-7edb04de-0db4-49f2-a629-abce2b75ba69.0.jpeg"
      }
   }, 
   {
      "pk": 44, 
      "model": "pm.photo", 
      "fields": {
         "description": "", 
         "title": "BASF in Almaty", 
         "photo": "4-2012-09-05/24-75d780a2-1802-40cd-8cfa-1e384ebae79e.jpeg", 
         "place": 24, 
         "date": "2013-01-16T22:04:54.654", 
         "size": 118745, 
         "order": 0, 
         "thumb": "4-2012-09-05/24-75d780a2-1802-40cd-8cfa-1e384ebae79e.0.jpeg"
      }
   }, 
   {
      "pk": 45, 
      "model": "pm.photo", 
      "fields": {
         "description": "", 
         "title": "Almaty - Kaldenkirchen", 
         "photo": "4-2012-09-05/24-872c92bf-3fa2-4140-ab59-adab34878b07.jpeg", 
         "place": 24, 
         "date": "2013-01-16T22:05:10.594", 
         "size": 68619, 
         "order": 1, 
         "thumb": "4-2012-09-05/24-872c92bf-3fa2-4140-ab59-adab34878b07.0.jpeg"
      }
   }, 
   {
      "pk": 46, 
      "model": "pm.photo", 
      "fields": {
         "description": "", 
         "title": "With my favourite sister :-)", 
         "photo": "4-2012-09-05/28-212a26a2-efa0-4bdf-bf82-1b9c113bbe05.jpeg", 
         "place": 28, 
         "date": "2013-01-16T22:05:27.660", 
         "size": 198379, 
         "order": 0, 
         "thumb": "4-2012-09-05/28-212a26a2-efa0-4bdf-bf82-1b9c113bbe05.0.jpeg"
      }
   }, 
   {
      "pk": 47, 
      "model": "pm.photo", 
      "fields": {
         "description": "To taste the original Uzbek plov we went to the National Plov Centre. Extemly greasy but soooo delicious!", 
         "title": "Uzbek Plov", 
         "photo": "4-2012-09-05/29-44b34f34-12b6-41d3-a085-819a2328e87e.jpeg", 
         "place": 29, 
         "date": "2013-01-16T22:05:41.785", 
         "size": 175413, 
         "order": 0, 
         "thumb": "4-2012-09-05/29-44b34f34-12b6-41d3-a085-819a2328e87e.0.jpeg"
      }
   }, 
   {
      "pk": 48, 
      "model": "pm.photo", 
      "fields": {
         "description": "compared to the one I had in Almaty and Bishkek here they add nuts and raisins to it. Plus even more oil and fat.", 
         "title": "How Plov is prepared...", 
         "photo": "4-2012-09-05/29-a6f6cef2-5245-4614-adfe-5a6fec10dd2b.jpeg", 
         "place": 29, 
         "date": "2013-01-16T22:05:52.471", 
         "size": 122424, 
         "order": 1, 
         "thumb": "4-2012-09-05/29-a6f6cef2-5245-4614-adfe-5a6fec10dd2b.0.jpeg"
      }
   }, 
   {
      "pk": 49, 
      "model": "pm.photo", 
      "fields": {
         "description": "Our hotel it Tashkent ", 
         "title": "Hotel Uzbekistan", 
         "photo": "4-2012-09-05/29-cb1211ee-ed7d-48bc-af1c-b001abf1f147.jpeg", 
         "place": 29, 
         "date": "2013-01-16T22:05:59.168", 
         "size": 179889, 
         "order": 2, 
         "thumb": "4-2012-09-05/29-cb1211ee-ed7d-48bc-af1c-b001abf1f147.0.jpeg"
      }
   }, 
   {
      "pk": 50, 
      "model": "pm.photo", 
      "fields": {
         "description": "", 
         "title": "Chorsu Bazar", 
         "photo": "4-2012-09-05/29-8971da69-8bf1-4a2a-aeb3-ecd25639c6c5.jpeg", 
         "place": 29, 
         "date": "2013-01-16T22:06:07.271", 
         "size": 57910, 
         "order": 3, 
         "thumb": "4-2012-09-05/29-8971da69-8bf1-4a2a-aeb3-ecd25639c6c5.0.jpeg"
      }
   }, 
   {
      "pk": 51, 
      "model": "pm.photo", 
      "fields": {
         "description": "", 
         "title": "Abdulkarim Madrasah", 
         "photo": "4-2012-09-05/29-d81ba415-703d-422a-86b7-d8fd9bd204eb.jpeg", 
         "place": 29, 
         "date": "2013-01-16T22:06:15.250", 
         "size": 89187, 
         "order": 4, 
         "thumb": "4-2012-09-05/29-d81ba415-703d-422a-86b7-d8fd9bd204eb.0.jpeg"
      }
   }, 
   {
      "pk": 52, 
      "model": "pm.photo", 
      "fields": {
         "description": "... in fact they didnt even fit into my wallet. The highest denomination of the local currency is 1000 Uzbek sum - and that is just enough to buy a bread. So you can imagine that locals are very skilled counting the impressive amounts of bills that they spend every day. ", 
         "title": "Never had that many bills in my pocket...", 
         "photo": "4-2012-09-05/29-78bf4ac8-ab32-48f4-88c9-1021bac54a52.jpeg", 
         "place": 29, 
         "date": "2013-01-16T22:06:24.087", 
         "size": 159489, 
         "order": 5, 
         "thumb": "4-2012-09-05/29-78bf4ac8-ab32-48f4-88c9-1021bac54a52.0.jpeg"
      }
   }, 
   {
      "pk": 53, 
      "model": "pm.photo", 
      "fields": {
         "description": "", 
         "title": "Kukeldash Madrasah", 
         "photo": "4-2012-09-05/29-e03cfd7d-d306-4222-a98f-cd90c4272a46.jpeg", 
         "place": 29, 
         "date": "2013-01-16T22:06:32.024", 
         "size": 244545, 
         "order": 6, 
         "thumb": "4-2012-09-05/29-e03cfd7d-d306-4222-a98f-cd90c4272a46.0.jpeg"
      }
   }, 
   {
      "pk": 54, 
      "model": "pm.photo", 
      "fields": {
         "description": "", 
         "title": "Inside the Kukeldash Madrasah", 
         "photo": "4-2012-09-05/29-b24c8954-5d77-4926-b3a9-76bed5cfafc7.jpeg", 
         "place": 29, 
         "date": "2013-01-16T22:06:41.044", 
         "size": 96685, 
         "order": 7, 
         "thumb": "4-2012-09-05/29-b24c8954-5d77-4926-b3a9-76bed5cfafc7.0.jpeg"
      }
   }, 
   {
      "pk": 55, 
      "model": "pm.photo", 
      "fields": {
         "description": "", 
         "title": "Monument of Amir Temur", 
         "photo": "4-2012-09-05/29-ae33c6f0-11b9-4329-a90e-c0562ff71a2e.jpeg", 
         "place": 29, 
         "date": "2013-01-16T22:06:50.448", 
         "size": 70937, 
         "order": 8, 
         "thumb": "4-2012-09-05/29-ae33c6f0-11b9-4329-a90e-c0562ff71a2e.0.jpeg"
      }
   }, 
   {
      "pk": 56, 
      "model": "pm.photo", 
      "fields": {
         "description": "The monument looks surprisingly similar to the one in the First President's Park in Almaty. ", 
         "title": "Independence Square", 
         "photo": "4-2012-09-05/29-e852667c-48ee-40c7-877e-8b7260fb2d45.jpeg", 
         "place": 29, 
         "date": "2013-01-16T22:06:57.785", 
         "size": 23832, 
         "order": 9, 
         "thumb": "4-2012-09-05/29-e852667c-48ee-40c7-877e-8b7260fb2d45.0.jpeg"
      }
   }, 
   {
      "pk": 57, 
      "model": "pm.photo", 
      "fields": {
         "description": "", 
         "title": "World War II  Memorial", 
         "photo": "4-2012-09-05/29-7b260fca-535e-4db1-8709-84f490bb566d.jpeg", 
         "place": 29, 
         "date": "2013-01-16T22:07:03.308", 
         "size": 46314, 
         "order": 10, 
         "thumb": "4-2012-09-05/29-7b260fca-535e-4db1-8709-84f490bb566d.0.jpeg"
      }
   }, 
   {
      "pk": 58, 
      "model": "pm.photo", 
      "fields": {
         "description": "A street of mausoleums all decorated with beautiful mosaics.", 
         "title": "Shah-i-Zinda (The Living Shah)", 
         "photo": "4-2012-09-05/30-165e00d8-308b-4256-b040-394ee0e87c35.jpeg", 
         "place": 30, 
         "date": "2013-01-16T22:07:11.289", 
         "size": 134185, 
         "order": 0, 
         "thumb": "4-2012-09-05/30-165e00d8-308b-4256-b040-394ee0e87c35.0.jpeg"
      }
   }, 
   {
      "pk": 59, 
      "model": "pm.photo", 
      "fields": {
         "description": "", 
         "title": "Mausoleums in the Shah-i-Zinda", 
         "photo": "4-2012-09-05/30-ac09621f-e574-4b06-949e-01c5d462251c.jpeg", 
         "place": 30, 
         "date": "2013-01-16T22:07:20.474", 
         "size": 120863, 
         "order": 1, 
         "thumb": "4-2012-09-05/30-ac09621f-e574-4b06-949e-01c5d462251c.0.jpeg"
      }
   }, 
   {
      "pk": 60, 
      "model": "pm.photo", 
      "fields": {
         "description": "", 
         "title": "Mausoleum Bibi", 
         "photo": "4-2012-09-05/30-f12e43b7-433b-4902-aade-065cbcb538fe.jpeg", 
         "place": 30, 
         "date": "2013-01-16T22:07:28.926", 
         "size": 120863, 
         "order": 2, 
         "thumb": "4-2012-09-05/30-f12e43b7-433b-4902-aade-065cbcb538fe.0.jpeg"
      }
   }, 
   {
      "pk": 61, 
      "model": "pm.photo", 
      "fields": {
         "description": "", 
         "title": "Sher-Dor Madrasah", 
         "photo": "4-2012-09-05/30-3f93a5d6-8d66-4eb6-bb16-c1b35b49b845.jpeg", 
         "place": 30, 
         "date": "2013-01-16T22:07:37.988", 
         "size": 130532, 
         "order": 3, 
         "thumb": "4-2012-09-05/30-3f93a5d6-8d66-4eb6-bb16-c1b35b49b845.0.jpeg"
      }
   }, 
   {
      "pk": 62, 
      "model": "pm.photo", 
      "fields": {
         "description": "", 
         "title": "View of Registan", 
         "photo": "4-2012-09-05/30-dfe9fb5f-21ce-43c2-b8b4-438ece3bff52.jpeg", 
         "place": 30, 
         "date": "2013-01-16T22:07:43.277", 
         "size": 129783, 
         "order": 4, 
         "thumb": "4-2012-09-05/30-dfe9fb5f-21ce-43c2-b8b4-438ece3bff52.0.jpeg"
      }
   }, 
   {
      "pk": 63, 
      "model": "pm.photo", 
      "fields": {
         "description": "", 
         "title": "First impression of Registan", 
         "photo": "4-2012-09-05/30-175004ff-4938-419b-a2d2-304a33925007.jpeg", 
         "place": 30, 
         "date": "2013-01-16T22:07:58.002", 
         "size": 171708, 
         "order": 5, 
         "thumb": "4-2012-09-05/30-175004ff-4938-419b-a2d2-304a33925007.0.jpeg"
      }
   }, 
   {
      "pk": 64, 
      "model": "pm.photo", 
      "fields": {
         "description": "Around this square three of the most impressive madrassas were built.", 
         "title": "Registan", 
         "photo": "4-2012-09-05/30-dd9ff8ab-2eec-4247-ba15-6a6a056d6d45.jpeg", 
         "place": 30, 
         "date": "2013-01-16T22:08:02.983", 
         "size": 146218, 
         "order": 6, 
         "thumb": "4-2012-09-05/30-dd9ff8ab-2eec-4247-ba15-6a6a056d6d45.0.jpeg"
      }
   }, 
   {
      "pk": 65, 
      "model": "pm.photo", 
      "fields": {
         "description": "", 
         "title": "Inside Registan", 
         "photo": "4-2012-09-05/30-b4160ac2-9080-427d-8a65-7c37b6dc9d56.jpeg", 
         "place": 30, 
         "date": "2013-01-16T22:08:13.352", 
         "size": 138510, 
         "order": 7, 
         "thumb": "4-2012-09-05/30-b4160ac2-9080-427d-8a65-7c37b6dc9d56.0.jpeg"
      }
   }, 
   {
      "pk": 66, 
      "model": "pm.photo", 
      "fields": {
         "description": "", 
         "title": "Golden interior of the Tillya Kori Madrassa", 
         "photo": "4-2012-09-05/30-78530120-6cd2-4259-97e7-d9c3b5949d80.jpeg", 
         "place": 30, 
         "date": "2013-01-16T22:08:20.548", 
         "size": 218876, 
         "order": 8, 
         "thumb": "4-2012-09-05/30-78530120-6cd2-4259-97e7-d9c3b5949d80.0.jpeg"
      }
   }, 
   {
      "pk": 67, 
      "model": "pm.photo", 
      "fields": {
         "description": "", 
         "title": "Students dormitory rooms", 
         "photo": "4-2012-09-05/30-2a1b041a-2519-4b8b-a7fc-648e3c197c2d.jpeg", 
         "place": 30, 
         "date": "2013-01-16T22:08:29.324", 
         "size": 185427, 
         "order": 9, 
         "thumb": "4-2012-09-05/30-2a1b041a-2519-4b8b-a7fc-648e3c197c2d.0.jpeg"
      }
   }, 
   {
      "pk": 68, 
      "model": "pm.photo", 
      "fields": {
         "description": "", 
         "title": "With Marlen in front  of the ", 
         "photo": "4-2012-09-05/30-0f7d4608-6fe4-47b2-9a81-22d4db2e64c2.jpeg", 
         "place": 30, 
         "date": "2013-01-16T22:08:33.883", 
         "size": 157422, 
         "order": 10, 
         "thumb": "4-2012-09-05/30-0f7d4608-6fe4-47b2-9a81-22d4db2e64c2.0.jpeg"
      }
   }, 
   {
      "pk": 69, 
      "model": "pm.photo", 
      "fields": {
         "description": "", 
         "title": "Medresse", 
         "photo": "4-2012-09-05/30-d55a3af3-3dd7-4af9-8e83-18398daa2cac.jpeg", 
         "place": 30, 
         "date": "2013-01-16T22:08:42.612", 
         "size": 138705, 
         "order": 11, 
         "thumb": "4-2012-09-05/30-d55a3af3-3dd7-4af9-8e83-18398daa2cac.0.jpeg"
      }
   }, 
   {
      "pk": 70, 
      "model": "pm.photo", 
      "fields": {
         "description": "Around the mausoleums of the Shah-i-Zinda the current cementy of the city is located. Its hills offer a nice view of the city.", 
         "title": "Old and new cementry", 
         "photo": "4-2012-09-05/30-9da020c4-1750-41cd-bdb8-7de7f43fa7c8.jpeg", 
         "place": 30, 
         "date": "2013-01-16T22:08:50.490", 
         "size": 63745, 
         "order": 12, 
         "thumb": "4-2012-09-05/30-9da020c4-1750-41cd-bdb8-7de7f43fa7c8.0.jpeg"
      }
   }, 
   {
      "pk": 71, 
      "model": "pm.photo", 
      "fields": {
         "description": "Details of the mausoleums in the Shah-i-Zinda.", 
         "title": "Ceramic artwork", 
         "photo": "4-2012-09-05/30-6e3fc28a-001b-4248-9f87-4bcb4eab58bb.jpeg", 
         "place": 30, 
         "date": "2013-01-16T22:08:59.460", 
         "size": 185825, 
         "order": 13, 
         "thumb": "4-2012-09-05/30-6e3fc28a-001b-4248-9f87-4bcb4eab58bb.0.jpeg"
      }
   }, 
   {
      "pk": 72, 
      "model": "pm.photo", 
      "fields": {
         "description": "", 
         "title": "In the Shah-i-Zinda", 
         "photo": "4-2012-09-05/30-95ba4095-6189-41bc-9073-21f0ba2af11e.jpeg", 
         "place": 30, 
         "date": "2013-01-16T22:09:11.229", 
         "size": 224658, 
         "order": 14, 
         "thumb": "4-2012-09-05/30-95ba4095-6189-41bc-9073-21f0ba2af11e.0.jpeg"
      }
   }, 
   {
      "pk": 3, 
      "model": "pm.userprofile", 
      "fields": {
         "picture": "", 
         "used_space": 0, 
         "user": 3, 
         "quota": 367001600
      }
   }, 
   {
      "pk": 2, 
      "model": "pm.userprofile", 
      "fields": {
         "picture": "", 
         "used_space": 164898, 
         "user": 2, 
         "quota": 367001600
      }
   }, 
   {
      "pk": 1, 
      "model": "pm.userprofile", 
      "fields": {
         "picture": "", 
         "used_space": 164898, 
         "user": 1, 
         "quota": 367001600
      }
   }, 
   {
      "pk": 4, 
      "model": "pm.userprofile", 
      "fields": {
         "picture": "", 
         "used_space": 8838685, 
         "user": 4, 
         "quota": 367001600
      }
   }
]