[
   {
      "pk": 2, 
      "model": "pm.place", 
      "fields": {
         "album": 1, 
         "description": "", 
         "title": "Umeda Station Osaka", 
         "lon": "135.49623012542699029836512636393308639526367187500000000000000000000000000000000000000000000000000000000000000000000000000000000000000000000000", 
         "lat": "34.70242397136360068543581292033195495605468750000000000000000000000000000000000000000000000000000000000000000000000000000000000000000000000000", 
         "date": "2013-02-03T12:43:55.809"
      }
   }, 
   {
      "pk": 8, 
      "model": "pm.place", 
      "fields": {
         "album": 1, 
         "description": "", 
         "title": "Arashiyama Br\u00fccke", 
         "lon": "135.67814290523500631024944595992565155029296875000000000000000000000000000000000000000000000000000000000000000000000000000000000000000000000000", 
         "lat": "35.01383306770460279722101404331624507904052734375000000000000000000000000000000000000000000000000000000000000000000000000000000000000000000000", 
         "date": "2013-02-03T12:53:58.943"
      }
   }, 
   {
      "pk": 11, 
      "model": "pm.place", 
      "fields": {
         "album": 1, 
         "description": "Gebaut wurde ein weiterer Supermarkt. Damit hab ich nun 4 Superm\u00e4rkte in unmittelbarer N\u00e4he.", 
         "title": "\u30de\u30c4\u30e2\u30c8 (Matsumoto) Supermarkt", 
         "lon": "135.72512179613099192465597297996282577514648437500000000000000000000000000000000000000000000000000000000000000000000000000000000000000000000000", 
         "lat": "35.01076852243259907027095323428511619567871093750000000000000000000000000000000000000000000000000000000000000000000000000000000000000000000000", 
         "date": "2013-02-03T12:57:33.719"
      }
   }, 
   {
      "pk": 14, 
      "model": "pm.place", 
      "fields": {
         "album": 1, 
         "description": "Meine Schule. Eigentlich ist es eine Uni, aber das Fremdsprachenprogramm hat schon einen extrem schulischen Charakter.", 
         "title": "\u4eac\u90fd\u5916\u56fd\u8a9e\u5927\u5b66 (Kyoto Gaidai)", 
         "lon": "135.71896746754600826534442603588104248046875000000000000000000000000000000000000000000000000000000000000000000000000000000000000000000000000000", 
         "lat": "35.00427053774259888996311929076910018920898437500000000000000000000000000000000000000000000000000000000000000000000000000000000000000000000000", 
         "date": "2013-02-03T12:58:22.464"
      }
   }, 
   {
      "pk": 17, 
      "model": "pm.place", 
      "fields": {
         "album": 1, 
         "description": "", 
         "title": "\u9d28\u6a4b (Kamo Hashi)", 
         "lon": "135.77110424637800178970792330801486968994140625000000000000000000000000000000000000000000000000000000000000000000000000000000000000000000000000", 
         "lat": "35.02923149308900008236378198489546775817871093750000000000000000000000000000000000000000000000000000000000000000000000000000000000000000000000", 
         "date": "2013-02-03T13:03:35.264"
      }
   }, 
   {
      "pk": 18, 
      "model": "pm.place", 
      "fields": {
         "album": 1, 
         "description": "", 
         "title": "\u4eac\u90fd\u99c5 (Kyoto Main Station)", 
         "lon": "135.75924150645698773587355390191078186035156250000000000000000000000000000000000000000000000000000000000000000000000000000000000000000000000000", 
         "lat": "34.98574562050050218431351822800934314727783203125000000000000000000000000000000000000000000000000000000000000000000000000000000000000000000000", 
         "date": "2013-02-03T13:05:43.818"
      }
   }, 
   {
      "pk": 20, 
      "model": "pm.place", 
      "fields": {
         "album": 1, 
         "description": "Lawson ist neben Seven-Eleven und K eine der Conbini Ketten in Japan.", 
         "title": "\u682a\u5f0f\u4f1a\u793e\u30ed\u30fc\u30bd\u30f3 Lawson Convenience Store", 
         "lon": "135.73228664696199530226294882595539093017578125000000000000000000000000000000000000000000000000000000000000000000000000000000000000000000000000", 
         "lat": "35.01263499795349787291343091055750846862792968750000000000000000000000000000000000000000000000000000000000000000000000000000000000000000000000", 
         "date": "2013-02-03T13:18:17.806"
      }
   }, 
   {
      "pk": 21, 
      "model": "pm.place", 
      "fields": {
         "album": 1, 
         "description": "", 
         "title": "Sportplatz Nishinokyo Junior High School", 
         "lon": "135.73691479861699349385162349790334701538085937500000000000000000000000000000000000000000000000000000000000000000000000000000000000000000000000", 
         "lat": "35.01329787895860334856479312293231487274169921875000000000000000000000000000000000000000000000000000000000000000000000000000000000000000000000", 
         "date": "2013-02-03T13:18:43.843"
      }
   }, 
   {
      "pk": 23, 
      "model": "pm.place", 
      "fields": {
         "album": 1, 
         "description": "Hier wird das Essen \u00fcber einen Automaten bestellt der Tickets druckt, die von der Bedienung abgeholt werden. Wasser und Reis gibt es unbegrenzt umsonst.", 
         "title": "\u3084\u3088\u3044\u3000(Yayoi)", 
         "lon": "135.76132290065299912384944036602973937988281250000000000000000000000000000000000000000000000000000000000000000000000000000000000000000000000000", 
         "lat": "35.01054307060049808342228061519563198089599609375000000000000000000000000000000000000000000000000000000000000000000000000000000000000000000000", 
         "date": "2013-02-03T13:19:41.331"
      }
   }, 
   {
      "pk": 28, 
      "model": "pm.place", 
      "fields": {
         "album": 1, 
         "description": "Gr\u00f6\u00dfte Einkaufsstra\u00dfe in Kyoto.", 
         "title": "\u6cb3\u539f\u753a\u901a\u308a (Kawaramachi-dori)", 
         "lon": "135.76889745891099892105557955801486968994140625000000000000000000000000000000000000000000000000000000000000000000000000000000000000000000000000", 
         "lat": "35.00845383589530257495425757952034473419189453125000000000000000000000000000000000000000000000000000000000000000000000000000000000000000000000", 
         "date": "2013-02-03T13:22:55.628"
      }
   }, 
   {
      "pk": 32, 
      "model": "pm.place", 
      "fields": {
         "album": 1, 
         "description": "Kyoto Gosho ist der Kaiserpalast in Kyoto. Dieser wurde als Sitz des Kaisers von Japan verwendet. Er wird im Jahr nur 2 mal f\u00fcr eine Woche der \u00d6ffentlichkeit ge\u00f6ffnet.", 
         "title": "\u4eac\u90fd\u5fa1\u6240 (Kyoto Gosho)", 
         "lon": "135.76189957559100207618030253797769546508789062500000000000000000000000000000000000000000000000000000000000000000000000000000000000000000000000", 
         "lat": "35.02447790045629716360053862445056438446044921875000000000000000000000000000000000000000000000000000000000000000000000000000000000000000000000", 
         "date": "2013-02-03T13:24:00.860"
      }
   }, 
   {
      "pk": 34, 
      "model": "pm.place", 
      "fields": {
         "album": 1, 
         "description": "Hier wurden Teile des Films 'Die Geisha' oder 'Memoirs of a Geisha' (englischer Titel) gedreht. ", 
         "title": "\u4f0f\u898b\u7a32\u8377\u5927\u793e (Fushimi Inari-Taisha)", 
         "lon": "135.77245943248300363848102279007434844970703125000000000000000000000000000000000000000000000000000000000000000000000000000000000000000000000000", 
         "lat": "34.96720524583240319316246313974261283874511718750000000000000000000000000000000000000000000000000000000000000000000000000000000000000000000000", 
         "date": "2013-02-03T13:29:46.585"
      }
   }, 
   {
      "pk": 38, 
      "model": "pm.place", 
      "fields": {
         "album": 1, 
         "description": "U- und S-Bahn Haltestelle", 
         "title": "\u897f\u9662 (Saiin)", 
         "lon": "135.73162280023100834114302415400743484497070312500000000000000000000000000000000000000000000000000000000000000000000000000000000000000000000000", 
         "lat": "35.00327116108510239200768410228192806243896484375000000000000000000000000000000000000000000000000000000000000000000000000000000000000000000000", 
         "date": "2013-02-03T13:36:44.478"
      }
   }, 
   {
      "pk": 40, 
      "model": "pm.place", 
      "fields": {
         "album": 1, 
         "description": "", 
         "title": "\u6e09\u6210\u5712 (Shosei-en Garten)", 
         "lon": "135.76212756335701214993605390191078186035156250000000000000000000000000000000000000000000000000000000000000000000000000000000000000000000000000", 
         "lat": "34.99132713019770335449720732867717742919921875000000000000000000000000000000000000000000000000000000000000000000000000000000000000000000000000", 
         "date": "2013-02-03T13:37:55.677"
      }
   }, 
   {
      "pk": 45, 
      "model": "pm.place", 
      "fields": {
         "album": 1, 
         "description": "Amanohashidate ist eine der 3 sch\u00f6nsten Landschaften von Japan. Mein einzigster Schulausflug ging hier her.", 
         "title": "\u5929\u6a4b\u7acb (Amanohashidate) ", 
         "lon": "135.18210522830500508462137077003717422485351562500000000000000000000000000000000000000000000000000000000000000000000000000000000000000000000000", 
         "lat": "35.55278920419529953278470202349126338958740234375000000000000000000000000000000000000000000000000000000000000000000000000000000000000000000000", 
         "date": "2013-02-03T13:40:37.768"
      }
   }, 
   {
      "pk": 48, 
      "model": "pm.place", 
      "fields": {
         "album": 1, 
         "description": "Teure Kaufhauskette", 
         "title": "\u5927\u4e38 (Daimaru)", 
         "lon": "135.76209235936437380587449297308921813964843750000000000000000000000000000000000000000000000000000000000000000000000000000000000000000000000000", 
         "lat": "35.00397654813898640213665203191339969635009765625000000000000000000000000000000000000000000000000000000000000000000000000000000000000000000000", 
         "date": "2013-02-03T13:42:56.784"
      }
   }, 
   {
      "pk": 49, 
      "model": "pm.place", 
      "fields": {
         "album": 1, 
         "description": "", 
         "title": "\u304f\u3089\u5bff\u53f8 (kura sushi)", 
         "lon": "135.71993876248632204806199297308921813964843750000000000000000000000000000000000000000000000000000000000000000000000000000000000000000000000000", 
         "lat": "35.00552763676860479336028220131993293762207031250000000000000000000000000000000000000000000000000000000000000000000000000000000000000000000000", 
         "date": "2013-02-03T13:44:10.358"
      }
   }, 
   {
      "pk": 50, 
      "model": "pm.place", 
      "fields": {
         "album": 1, 
         "description": "", 
         "title": "\u30e9\u30a4\u30d5 (Raifu )", 
         "lon": "135.74226010590825808321824297308921813964843750000000000000000000000000000000000000000000000000000000000000000000000000000000000000000000000000", 
         "lat": "35.01313325760042971523944288492202758789062500000000000000000000000000000000000000000000000000000000000000000000000000000000000000000000000000", 
         "date": "2013-02-03T13:45:15.511"
      }
   }, 
   {
      "pk": 51, 
      "model": "pm.place", 
      "fields": {
         "album": 1, 
         "description": "", 
         "title": "\u30e9\u30fc\u30e1\u30f3\u3000Ramen", 
         "lon": "135.81204045563970339571824297308921813964843750000000000000000000000000000000000000000000000000000000000000000000000000000000000000000000000000", 
         "lat": "34.95509561160217515407566679641604423522949218750000000000000000000000000000000000000000000000000000000000000000000000000000000000000000000000", 
         "date": "2013-02-03T13:47:52.531"
      }
   }, 
   {
      "pk": 52, 
      "model": "pm.place", 
      "fields": {
         "album": 1, 
         "description": "", 
         "title": "\u918d\u9190\u5bfa (Daigo-ji)", 
         "lon": "135.81876626238249627931509166955947875976562500000000000000000000000000000000000000000000000000000000000000000000000000000000000000000000000000", 
         "lat": "34.95134515425818477751818136312067508697509765625000000000000000000000000000000000000000000000000000000000000000000000000000000000000000000000", 
         "date": "2013-02-03T13:59:49.359"
      }
   }, 
   {
      "pk": 57, 
      "model": "pm.place", 
      "fields": {
         "album": 1, 
         "description": "Hier gibts am 21ten jeden Monats immer einen Flohmarkt.", 
         "title": "\u6771\u5bfa (To-ji)", 
         "lon": "135.74781588278722210816340520977973937988281250000000000000000000000000000000000000000000000000000000000000000000000000000000000000000000000000", 
         "lat": "34.98062317924876651886734180152416229248046875000000000000000000000000000000000000000000000000000000000000000000000000000000000000000000000000", 
         "date": "2013-02-03T14:04:14.374"
      }
   }, 
   {
      "pk": 59, 
      "model": "pm.place", 
      "fields": {
         "album": 1, 
         "description": "", 
         "title": "\u5927\u962a\u6b74\u53f2\u535a\u7269\u9928 (Osaka Museum of History)", 
         "lon": "135.52083126269292279175715520977973937988281250000000000000000000000000000000000000000000000000000000000000000000000000000000000000000000000000", 
         "lat": "34.68262630493881459869953687302768230438232421875000000000000000000000000000000000000000000000000000000000000000000000000000000000000000000000", 
         "date": "2013-02-03T14:06:40.051"
      }
   }, 
   {
      "pk": 63, 
      "model": "pm.place", 
      "fields": {
         "album": 1, 
         "description": "Ein Einkaufszentrum", 
         "title": "HEP FIVE", 
         "lon": "135.49863330088567181519465520977973937988281250000000000000000000000000000000000000000000000000000000000000000000000000000000000000000000000000", 
         "lat": "34.70303023315407386917286203242838382720947265625000000000000000000000000000000000000000000000000000000000000000000000000000000000000000000000", 
         "date": "2013-02-03T14:16:27.802"
      }
   }, 
   {
      "pk": 65, 
      "model": "pm.place", 
      "fields": {
         "album": 1, 
         "description": "Hier werden wieder deutsche Traditionen gefeiert. Viele der Standbesitzer waren tats\u00e4chlich Deutsche. Ich hab einen getroffen, der Th\u00fcringer verkauft. Und wenn es dann keine Deutschen mehr gab, haben sie Amerikaner genommen.", 
         "title": "Weihnachtsmarkt Umeda ", 
         "lon": "135.49013069830846234253840520977973937988281250000000000000000000000000000000000000000000000000000000000000000000000000000000000000000000000000", 
         "lat": "34.70495304179134166133735561743378639221191406250000000000000000000000000000000000000000000000000000000000000000000000000000000000000000000000", 
         "date": "2013-02-03T14:18:45.465"
      }
   }, 
   {
      "pk": 66, 
      "model": "pm.place", 
      "fields": {
         "album": 1, 
         "description": "", 
         "title": "Nara Park", 
         "lon": "135.83171538077306195191340520977973937988281250000000000000000000000000000000000000000000000000000000000000000000000000000000000000000000000000", 
         "lat": "34.68237486330106378318305360153317451477050781250000000000000000000000000000000000000000000000000000000000000000000000000000000000000000000000", 
         "date": "2013-02-03T14:21:00.598"
      }
   }, 
   {
      "pk": 67, 
      "model": "pm.place", 
      "fields": {
         "album": 1, 
         "description": "", 
         "title": "Nara Park", 
         "lon": "135.84732047282170697144465520977973937988281250000000000000000000000000000000000000000000000000000000000000000000000000000000000000000000000000", 
         "lat": "34.68079561590097625867201713845133781433105468750000000000000000000000000000000000000000000000000000000000000000000000000000000000000000000000", 
         "date": "2013-02-03T14:21:53.039"
      }
   }, 
   {
      "pk": 69, 
      "model": "pm.place", 
      "fields": {
         "album": 1, 
         "description": "", 
         "title": "\u5b87\u6cbb\u99c5 (Uji Station)", 
         "lon": "135.80664209090184613160090520977973937988281250000000000000000000000000000000000000000000000000000000000000000000000000000000000000000000000000", 
         "lat": "34.89417892224864914396675885654985904693603515625000000000000000000000000000000000000000000000000000000000000000000000000000000000000000000000", 
         "date": "2013-02-03T14:23:57.400"
      }
   }, 
   {
      "pk": 70, 
      "model": "pm.place", 
      "fields": {
         "album": 1, 
         "description": "Der Pfad der Philosophen durch Uji ist gespickt mit diversen Schreinen und Tempeln.", 
         "title": "Philosophers Path", 
         "lon": "135.81091082654904766968684270977973937988281250000000000000000000000000000000000000000000000000000000000000000000000000000000000000000000000000", 
         "lat": "34.89251902460261334226743201725184917449951171875000000000000000000000000000000000000000000000000000000000000000000000000000000000000000000000", 
         "date": "2013-02-03T14:25:09.543"
      }
   }, 
   {
      "pk": 72, 
      "model": "pm.place", 
      "fields": {
         "album": 1, 
         "description": "", 
         "title": "\u5b87\u6cbb\u795e\u793e (Uji Schrein)", 
         "lon": "135.81009677611302777222590520977973937988281250000000000000000000000000000000000000000000000000000000000000000000000000000000000000000000000000", 
         "lat": "34.89070618885847352430573664605617523193359375000000000000000000000000000000000000000000000000000000000000000000000000000000000000000000000000", 
         "date": "2013-02-03T14:26:45.648"
      }
   }, 
   {
      "pk": 73, 
      "model": "pm.place", 
      "fields": {
         "album": 1, 
         "description": "", 
         "title": "\u601d\u5fc3\u5bfa (Eshin-in)", 
         "lon": "135.81111065112065716675715520977973937988281250000000000000000000000000000000000000000000000000000000000000000000000000000000000000000000000000", 
         "lat": "34.89031017572719406416581477969884872436523437500000000000000000000000000000000000000000000000000000000000000000000000000000000000000000000000", 
         "date": "2013-02-03T14:27:19.562"
      }
   }, 
   {
      "pk": 74, 
      "model": "pm.place", 
      "fields": {
         "album": 1, 
         "description": "", 
         "title": "Vor Restaurant", 
         "lon": "135.81185094080876751831965520977973937988281250000000000000000000000000000000000000000000000000000000000000000000000000000000000000000000000000", 
         "lat": "34.88835868313906019011483294889330863952636718750000000000000000000000000000000000000000000000000000000000000000000000000000000000000000000000", 
         "date": "2013-02-03T14:28:19.423"
      }
   }, 
   {
      "pk": 77, 
      "model": "pm.place", 
      "fields": {
         "album": 1, 
         "description": "Vorletzte Station Richtung Koyasan. Ab hier geths mit dem Cable Car weiter.", 
         "title": "\u6975\u697d\u6a4b\u99c5 (Gokurabashi)", 
         "lon": "135.58226160239439650467829778790473937988281250000000000000000000000000000000000000000000000000000000000000000000000000000000000000000000000000", 
         "lat": "34.23417294644418262805629638023674488067626953125000000000000000000000000000000000000000000000000000000000000000000000000000000000000000000000", 
         "date": "2013-02-03T14:31:03.281"
      }
   }, 
   {
      "pk": 79, 
      "model": "pm.place", 
      "fields": {
         "album": 1, 
         "description": "Oku-no-in ist ein riesen Friedhof mit mehr als 100.000 Grabsteinen. Viele F\u00fcrsten und Kaiser liegen hier begraben.", 
         "title": "\u5965\u306e\u9662\u53e3 (Eingang oku-no-in)", 
         "lon": "135.59538028668623610428767278790473937988281250000000000000000000000000000000000000000000000000000000000000000000000000000000000000000000000000", 
         "lat": "34.21370512083451842499925987794995307922363281250000000000000000000000000000000000000000000000000000000000000000000000000000000000000000000000", 
         "date": "2013-02-03T14:32:33.341"
      }
   }, 
   {
      "pk": 81, 
      "model": "pm.place", 
      "fields": {
         "album": 1, 
         "description": "", 
         "title": "\u5965\u306e\u9662 (oku-no-in)", 
         "lon": "135.60578457545500441483454778790473937988281250000000000000000000000000000000000000000000000000000000000000000000000000000000000000000000000000", 
         "lat": "34.22186046762119104869270813651382923126220703125000000000000000000000000000000000000000000000000000000000000000000000000000000000000000000000", 
         "date": "2013-02-03T14:35:22.787"
      }
   }, 
   {
      "pk": 84, 
      "model": "pm.place", 
      "fields": {
         "album": 1, 
         "description": "Erinnert an das Erdbeben von 1995. Die Lichter wurden von der italienischen Regierung gespendet.", 
         "title": " \u795e\u6238\u30eb\u30df\u30ca\u30ea\u30a8 (Kobe Luminarie)", 
         "lon": "135.19653848838072462967829778790473937988281250000000000000000000000000000000000000000000000000000000000000000000000000000000000000000000000000", 
         "lat": "34.68777179939426957844261778518557548522949218750000000000000000000000000000000000000000000000000000000000000000000000000000000000000000000000", 
         "date": "2013-02-03T14:38:16.882"
      }
   }, 
   {
      "pk": 4, 
      "model": "pm.photo", 
      "fields": {
         "description": "In Japan gibt es paralell mehrere Bahnlinien, die von verschiedenen Anbietern betrieben werden und meines Wissens nach auch auf unterschiedlichen Netzen fahren. JR ist einer davon.", 
         "title": "Ein JR Eingang zu Umeda Station 17.11.2011", 
         "photo": "3-2012-07-27/2-d158cbf8-d2b0-4c5b-9308-bc167f7f536e.jpeg", 
         "place": 2, 
         "date": "2013-02-03T12:44:00.446", 
         "size": 165338, 
         "order": 0, 
         "thumb": "3-2012-07-27/2-d158cbf8-d2b0-4c5b-9308-bc167f7f536e.0.jpeg"
      }
   }, 
   {
      "pk": 6, 
      "model": "pm.photo", 
      "fields": {
         "description": "Auch in Osaka sieht man nur ganz selten Nicht-Asiaten. Im Hintergrund sieht man noch 2 Japaner mit Mundschutz. In Japan geht man auch krank zur Arbeit und um seine Kollegen nicht anzustecken, setzt man sich dann einen Mund/Atem-schutz auf. Unbezahlte \u00dcberstunden und nach Feierabend mit den Kollegen einen Trinken geh\u00f6rt hier nicht zum guten Ton, sondern ist Norm. Wer wissen will, wie das endet, der gibt mal bei der Google Bildersuche  -salaryman- ein. Salaryman ist die japanische Bezeichnung f\u00fcr einen Angestellten im Gro\u00dfraumb\u00fcro. Zusammengesetzt aus salary - Lohn und man - Mann.", 
         "title": "Umeda Osaka", 
         "photo": "3-2012-07-27/2-66f83233-e1cd-4d8a-89c7-f833083d84b9.jpeg", 
         "place": 2, 
         "date": "2013-02-03T12:44:08.455", 
         "size": 157884, 
         "order": 2, 
         "thumb": "3-2012-07-27/2-66f83233-e1cd-4d8a-89c7-f833083d84b9.0.jpeg"
      }
   }, 
   {
      "pk": 7, 
      "model": "pm.photo", 
      "fields": {
         "description": "Rieseneinkaufszentrum vor Umeda. Yodobashi ist der japanische Media-Markt + Saturn + alle regionalen Elektrom\u00e4rkte. Meistens wird wirklich alles, von Teleskopen bis zu Kuckucksuhren auf mehreren Stockwerken verkauft. Das Sortiment reicht auch vom Ottonormalverbraucher bis zur Profiausstattung.\nMehr Bilder vom Yodobashi gibts vorm Kyoto Hauptbahnhof.", 
         "title": "Kreuzung vor Umeda Station", 
         "photo": "3-2012-07-27/2-c666a14a-2042-4510-8699-24c34cab5ff1.jpeg", 
         "place": 2, 
         "date": "2013-02-03T12:44:18.983", 
         "size": 558325, 
         "order": 3, 
         "thumb": "3-2012-07-27/2-c666a14a-2042-4510-8699-24c34cab5ff1.0.jpeg"
      }
   }, 
   {
      "pk": 9, 
      "model": "pm.photo", 
      "fields": {
         "description": "Die meisten Japaner verbringen ihre Zeit im Zug, entweder indem sie ein Buch lesen oder mit ihren keitai (jap. f\u00fcr Handy) rumspielen. Allerdings ist es verp\u00f6nt, Gespr\u00e4che im Zug anzunehmen oder sein Handy klingeln zu lassen.\nWarum gibts sowas in Deutschland nicht?", 
         "title": "Zug Richtung Osakajo-koen", 
         "photo": "3-2012-07-27/2-5e6cc8c5-8f8e-4c15-ba34-8d094b5d8b72.jpeg", 
         "place": 2, 
         "date": "2013-02-03T12:44:28.757", 
         "size": 232745, 
         "order": 5, 
         "thumb": "3-2012-07-27/2-5e6cc8c5-8f8e-4c15-ba34-8d094b5d8b72.0.jpeg"
      }
   }, 
   {
      "pk": 10, 
      "model": "pm.photo", 
      "fields": {
         "description": "Tako Yaki ist gebratener Tintenfisch. Der Tintenfisch wird mit Teig, Fr\u00fchlingszwiebel,Ingwer und Teig in diese spezielle Pfanne gegeben, danach wird er mit einer Art Essst\u00e4bchen gewendet und so in eine runde Form gebracht.", 
         "title": "\u305f\u3053\u713c\u304d (Takoyaki) Zubereitung", 
         "photo": "3-2012-07-27/2-5b1bf87e-06f4-4941-8f7a-e48e22c3ab6a.jpeg", 
         "place": 2, 
         "date": "2013-02-03T12:44:34.382", 
         "size": 244269, 
         "order": 6, 
         "thumb": "3-2012-07-27/2-5b1bf87e-06f4-4941-8f7a-e48e22c3ab6a.0.jpeg"
      }
   }, 
   {
      "pk": 11, 
      "model": "pm.photo", 
      "fields": {
         "description": "Und so schaut das ganze dann serviert aus.", 
         "title": "\u305f\u3053\u713c\u304d (Takoyaki) ", 
         "photo": "3-2012-07-27/2-72b15067-275b-4129-aad2-a39831d90837.jpeg", 
         "place": 2, 
         "date": "2013-02-03T12:44:51.166", 
         "size": 837598, 
         "order": 7, 
         "thumb": "3-2012-07-27/2-72b15067-275b-4129-aad2-a39831d90837.0.jpeg"
      }
   }, 
   {
      "pk": 12, 
      "model": "pm.photo", 
      "fields": {
         "description": "", 
         "title": "Pokemon Center Osaka", 
         "photo": "3-2012-07-27/2-2b0df56d-9f44-4fbe-8a7b-8027dfa663b1.jpeg", 
         "place": 2, 
         "date": "2013-02-03T12:44:56.092", 
         "size": 208707, 
         "order": 8, 
         "thumb": "3-2012-07-27/2-2b0df56d-9f44-4fbe-8a7b-8027dfa663b1.0.jpeg"
      }
   }, 
   {
      "pk": 14, 
      "model": "pm.photo", 
      "fields": {
         "description": "Bento ist eine Lunchbox, in der Speisen durch kleine Boxen voneinander getrennt sind. Viele japanische Hausfrauen verbringen viel Zeit um diese f\u00fcr den Rest der Familie morgends vorzubereiten.", 
         "title": "\u30dd\u30b1\u30e2\u30f3\u3000\u5f01\u5f53  (pokemon bento)", 
         "photo": "3-2012-07-27/2-066f91ee-9d95-4b05-be6f-6a771bec9716.jpeg", 
         "place": 2, 
         "date": "2013-02-03T12:45:08.595", 
         "size": 291755, 
         "order": 10, 
         "thumb": "3-2012-07-27/2-066f91ee-9d95-4b05-be6f-6a771bec9716.0.jpeg"
      }
   }, 
   {
      "pk": 17, 
      "model": "pm.photo", 
      "fields": {
         "description": "In Japan haben Schneem\u00e4nner immer nur 2 Kugeln. In den meisten anderen Teilen der Welt sind es 3.", 
         "title": "Schneem\u00e4nner in Japan", 
         "photo": "3-2012-07-27/2-b6251209-83a1-4539-a6df-44cf74262103.jpeg", 
         "place": 2, 
         "date": "2013-02-03T12:45:25.801", 
         "size": 219379, 
         "order": 13, 
         "thumb": "3-2012-07-27/2-b6251209-83a1-4539-a6df-44cf74262103.0.jpeg"
      }
   }, 
   {
      "pk": 54, 
      "model": "pm.photo", 
      "fields": {
         "description": "In Japan fahren viele Modelle herum, die man in Deutschland oder Europa gar nicht kaufen kann. Meistens, weil sie einfach nur praktisch sind.", 
         "title": "japanisches Auto", 
         "photo": "3-2012-07-27/8-bdf2a91c-00e5-4912-bfc7-f918760cf418.jpeg", 
         "place": 8, 
         "date": "2013-02-03T12:55:06.837", 
         "size": 1183065, 
         "order": 2, 
         "thumb": "3-2012-07-27/8-bdf2a91c-00e5-4912-bfc7-f918760cf418.0.jpeg"
      }
   }, 
   {
      "pk": 52, 
      "model": "pm.photo", 
      "fields": {
         "description": "", 
         "title": "Bens Schulter und Landschaft", 
         "photo": "3-2012-07-27/8-99cdd347-e865-4366-a72d-3e636a41a2a6.jpeg", 
         "place": 8, 
         "date": "2013-02-03T12:54:28.297", 
         "size": 1677595, 
         "order": 0, 
         "thumb": "3-2012-07-27/8-99cdd347-e865-4366-a72d-3e636a41a2a6.0.jpeg"
      }
   }, 
   {
      "pk": 55, 
      "model": "pm.photo", 
      "fields": {
         "description": "bewacht das Strassenschild.", 
         "title": "Sicherheitsmann", 
         "photo": "3-2012-07-27/8-ed0af517-0583-43c5-876a-13b4ebb97b1c.jpeg", 
         "place": 8, 
         "date": "2013-02-03T12:55:32.696", 
         "size": 1469621, 
         "order": 3, 
         "thumb": "3-2012-07-27/8-ed0af517-0583-43c5-876a-13b4ebb97b1c.0.jpeg"
      }
   }, 
   {
      "pk": 56, 
      "model": "pm.photo", 
      "fields": {
         "description": "Keine Ahnung was hier verkauft wird.", 
         "title": "Typischer Souvenirladen", 
         "photo": "3-2012-07-27/8-2abfd07a-8d5f-4d7c-9ab1-b33814d5f267.jpeg", 
         "place": 8, 
         "date": "2013-02-03T12:55:56.692", 
         "size": 1432461, 
         "order": 4, 
         "thumb": "3-2012-07-27/8-2abfd07a-8d5f-4d7c-9ab1-b33814d5f267.0.jpeg"
      }
   }, 
   {
      "pk": 57, 
      "model": "pm.photo", 
      "fields": {
         "description": "In Japan werden die Jahreszeiten sehr viel intensiver gefeiert als irgendwo anders. In Fr\u00fchjahr gibts \u82b1\u898b (hanami - Bl\u00fctenschau), da werden die bl\u00fchenden B\u00e4ume bestaunt. Im Herbst gibts \u7d05\u8449 , da werden die verwelkenden Bl\u00e4tter bestaunt. Um das zu unterstreichen gibts noch Lightups der B\u00e4ume wie hier.", 
         "title": "\u7d05\u8449 - \u3082\u307f\u3058\u3000(Momiji) Lightup 18.11.11", 
         "photo": "3-2012-07-27/8-de36a73f-1995-46a3-a5ab-71668a483ee2.jpeg", 
         "place": 8, 
         "date": "2013-02-03T12:56:00.774", 
         "size": 162381, 
         "order": 5, 
         "thumb": "3-2012-07-27/8-de36a73f-1995-46a3-a5ab-71668a483ee2.0.jpeg"
      }
   }, 
   {
      "pk": 58, 
      "model": "pm.photo", 
      "fields": {
         "description": "In der Mitte sieht man den Teil des Berges der beleuchtet ist.", 
         "title": "Br\u00fccke aus der Ferne", 
         "photo": "3-2012-07-27/8-36c43eec-5b26-4cc0-a5fb-f286081a8c1a.jpeg", 
         "place": 8, 
         "date": "2013-02-03T12:56:06.709", 
         "size": 281330, 
         "order": 6, 
         "thumb": "3-2012-07-27/8-36c43eec-5b26-4cc0-a5fb-f286081a8c1a.0.jpeg"
      }
   }, 
   {
      "pk": 59, 
      "model": "pm.photo", 
      "fields": {
         "description": "Das ist dieselbe Br\u00fccke wie oben mit den Sicherheitsmann der sich an das Strassenschild lehnt.", 
         "title": "Br\u00fccke (ohne Aufpasser)", 
         "photo": "3-2012-07-27/8-09bd44a2-395e-4479-b5b3-b8363a0f33cd.jpeg", 
         "place": 8, 
         "date": "2013-02-03T12:56:25.081", 
         "size": 1047787, 
         "order": 7, 
         "thumb": "3-2012-07-27/8-09bd44a2-395e-4479-b5b3-b8363a0f33cd.0.jpeg"
      }
   }, 
   {
      "pk": 65, 
      "model": "pm.photo", 
      "fields": {
         "description": "Hier wurde ein neuer Supermarkt gebaut. Vorne sieht man wieder einen Sicherheitsmann, sehr typisch hier, sowie Bauarbeiter, die gerade Baseball spielen. Gebaut wird hier nicht in wie in Deutschland von 10 bis 16 Uhr sondern 24/6. In Japan gibt es n\u00e4mlich die 6 Tage Woche.", 
         "title": "Front 14.11.2011", 
         "photo": "3-2012-07-27/11-06110739-8ae4-4aa7-bdde-84da7ab530a2.jpeg", 
         "place": 11, 
         "date": "2013-02-03T12:57:56.471", 
         "size": 1316492, 
         "order": 0, 
         "thumb": "3-2012-07-27/11-06110739-8ae4-4aa7-bdde-84da7ab530a2.0.jpeg"
      }
   }, 
   {
      "pk": 66, 
      "model": "pm.photo", 
      "fields": {
         "description": "Wie bei Life ein Haufen Leute. Der hier ist aber wirklich billig, auch ohne Er\u00f6ffungsangebote.", 
         "title": "Er\u00f6ffnung  22.11.11", 
         "photo": "3-2012-07-27/11-4b457327-baba-4283-8f7b-b93877d477f0.jpeg", 
         "place": 11, 
         "date": "2013-02-03T12:58:02.384", 
         "size": 266545, 
         "order": 1, 
         "thumb": "3-2012-07-27/11-4b457327-baba-4283-8f7b-b93877d477f0.0.jpeg"
      }
   }, 
   {
      "pk": 67, 
      "model": "pm.photo", 
      "fields": {
         "description": "Die Kassiererinnen sehen aus wie Elfen.", 
         "title": "Elfen", 
         "photo": "3-2012-07-27/11-aa59f5e9-0cf8-4463-b84d-33e8f8855c89.jpeg", 
         "place": 11, 
         "date": "2013-02-03T12:58:08.053", 
         "size": 215274, 
         "order": 2, 
         "thumb": "3-2012-07-27/11-aa59f5e9-0cf8-4463-b84d-33e8f8855c89.0.jpeg"
      }
   }, 
   {
      "pk": 70, 
      "model": "pm.photo", 
      "fields": {
         "description": "Dennis und Lorena (studiert BWL Uni Mannheim) mit mir in Basic Japanese I. In meiner Klasse sind insgesamt 9 Austauschstudenten. Generell ist der Unterricht sehr verschult, so ungef\u00e4hr wie im Gymnasium. ", 
         "title": "Raum 938 Basic Japanese 07.10.11", 
         "photo": "3-2012-07-27/14-bad9aaf6-2c3c-42d7-a7f9-3e29de341829.jpeg", 
         "place": 14, 
         "date": "2013-02-03T12:58:37.640", 
         "size": 822898, 
         "order": 0, 
         "thumb": "3-2012-07-27/14-bad9aaf6-2c3c-42d7-a7f9-3e29de341829.0.jpeg"
      }
   }, 
   {
      "pk": 71, 
      "model": "pm.photo", 
      "fields": {
         "description": "Viele Lehrer sind echt lahm. Uchida (Bild) ist da gottseidank eine Ausnahme. Basic Japanese ist t\u00e4glich 2 Bl\u00f6cke. Zwischen den Bl\u00f6cken kauft er uns oft im Conbini (kleiner Supermarkt 24/7) Trinken oder Essen und f\u00fcgt das dann in die Grammatik ein.", 
         "title": "Raum 938 Basic Japanese 04.10.11", 
         "photo": "3-2012-07-27/14-78a89e5f-e77a-40e4-b842-fa98b7b0ee75.jpeg", 
         "place": 14, 
         "date": "2013-02-03T12:58:53.038", 
         "size": 872294, 
         "order": 1, 
         "thumb": "3-2012-07-27/14-78a89e5f-e77a-40e4-b842-fa98b7b0ee75.0.jpeg"
      }
   }, 
   {
      "pk": 72, 
      "model": "pm.photo", 
      "fields": {
         "description": "Yves, Anelia and Graeme.", 
         "title": "Raum 938 Basic Japanese 04.10.11", 
         "photo": "3-2012-07-27/14-16dd309e-c562-459f-9f01-c0e0207f129c.jpeg", 
         "place": 14, 
         "date": "2013-02-03T12:59:03.987", 
         "size": 602660, 
         "order": 2, 
         "thumb": "3-2012-07-27/14-16dd309e-c562-459f-9f01-c0e0207f129c.0.jpeg"
      }
   }, 
   {
      "pk": 73, 
      "model": "pm.photo", 
      "fields": {
         "description": "Im Hintergrund spielt eine Band. Sehr typisch f\u00fcr Japan sind viele Veranstaltungen rund um die Schule. ", 
         "title": "Schulhof 07.10.2011", 
         "photo": "3-2012-07-27/14-d49ce8ef-62a7-46cc-a26b-db5181236cf8.jpeg", 
         "place": 14, 
         "date": "2013-02-03T12:59:27.229", 
         "size": 1333534, 
         "order": 3, 
         "thumb": "3-2012-07-27/14-d49ce8ef-62a7-46cc-a26b-db5181236cf8.0.jpeg"
      }
   }, 
   {
      "pk": 74, 
      "model": "pm.photo", 
      "fields": {
         "description": "", 
         "title": "Schulhof komplett 07.10.2011", 
         "photo": "3-2012-07-27/14-7940f826-d990-4e1a-9d8a-0495cb61051f.jpeg", 
         "place": 14, 
         "date": "2013-02-03T12:59:43.947", 
         "size": 978291, 
         "order": 4, 
         "thumb": "3-2012-07-27/14-7940f826-d990-4e1a-9d8a-0495cb61051f.0.jpeg"
      }
   }, 
   {
      "pk": 76, 
      "model": "pm.photo", 
      "fields": {
         "description": "In der Kanjiklasse lernt man die Schreibweise und Lesung der japanischen Charaktere. In der Schule lernen Japaner ungef\u00e4hr 1800 Kanjis, das ganze dauert 13 Jahre. Im allt\u00e4glichen Sprachgebrauch werden jedoch mehr Kanjis ben\u00f6tigt. \u00dcber diesen wird dann die Lesung klein abgedruckt. Gerade wegen der sehr komplexen Kanji wird Japanisch zurecht als sehr schwierige Sprache bezeichnet.", 
         "title": "Raum 934 Kanji 12.10.2011", 
         "photo": "3-2012-07-27/14-cb545af6-df82-439e-abf2-bbb2e14d2a43.jpeg", 
         "place": 14, 
         "date": "2013-02-03T13:00:21.857", 
         "size": 755772, 
         "order": 6, 
         "thumb": "3-2012-07-27/14-cb545af6-df82-439e-abf2-bbb2e14d2a43.0.jpeg"
      }
   }, 
   {
      "pk": 78, 
      "model": "pm.photo", 
      "fields": {
         "description": "Der Rest der Klasse. In der Mitte Matthew (Ingenieur/Texas). Kanji ist dank eines \u00fcberragenden Lehrk\u00f6rpers mit die langweiligste Stunde der ganzen Woche.", 
         "title": "Raum 934 Kanji 12.10.2011", 
         "photo": "3-2012-07-27/14-84e4aaf5-3364-431d-9526-f6a9c5db05e9.jpeg", 
         "place": 14, 
         "date": "2013-02-03T13:00:53.605", 
         "size": 935350, 
         "order": 8, 
         "thumb": "3-2012-07-27/14-84e4aaf5-3364-431d-9526-f6a9c5db05e9.0.jpeg"
      }
   }, 
   {
      "pk": 79, 
      "model": "pm.photo", 
      "fields": {
         "description": "Grammatik ist noch eine ultra langweilige Stunde, in der wir nur die Grammatik aus Basic Japanese wiederholen. Die Lehrerin ist ziemlich gut, aber des rettet die Stunde wie gesagt auch nicht. Grunds\u00e4tzlich ist die japanische Grammatik im Vergleich zur deutschen relativ einfach gestrickt. Es gibt keine Geschlechter, keine F\u00e4lle und nur 3 Zeiten. Leider l\u00e4sst sich Japanisch nur in den seltensten F\u00e4llen w\u00f6rtlich \u00fcbersetzen, weshalb man sehr oft umdenken muss.", 
         "title": "Raum 937 Grammar 11.10.2011", 
         "photo": "3-2012-07-27/14-a1556c53-1057-4f39-b09b-433ab9a8064e.jpeg", 
         "place": 14, 
         "date": "2013-02-03T13:01:05.509", 
         "size": 674558, 
         "order": 9, 
         "thumb": "3-2012-07-27/14-a1556c53-1057-4f39-b09b-433ab9a8064e.0.jpeg"
      }
   }, 
   {
      "pk": 80, 
      "model": "pm.photo", 
      "fields": {
         "description": "Die Highschool, die sich direkt hinter meiner Uni befinde, hatte hier eine Mittagessen mit englischsprechenden Studenten veranstaltet. Es ging schlichtweg darum, das Englisch von japanischen Studenten aufzubessern, da diese hier auf der Insel praktisch nie die Chance bekommen, Englisch zu sprechen.", 
         "title": "Mittagessen mit Highschool Studenten 08.11.2011", 
         "photo": "3-2012-07-27/14-ec75e62f-9bb2-44bb-b5f2-fdb8b356a573.jpeg", 
         "place": 14, 
         "date": "2013-02-03T13:01:18.022", 
         "size": 710353, 
         "order": 10, 
         "thumb": "3-2012-07-27/14-ec75e62f-9bb2-44bb-b5f2-fdb8b356a573.0.jpeg"
      }
   }, 
   {
      "pk": 82, 
      "model": "pm.photo", 
      "fields": {
         "description": "Die -bayerische- Blaskapelle ;) , die nat\u00fcrlich nur deutsche Klassiker zum besten gegeben hat.\nIch hatte dann noch mit einem ein ganz lustig Gespr\u00e4ch, das ging ungef\u00e4hr so:\nHallo, ich bin der Yokohama und ich bin ein bayerischer Japaner.\nWei\u00df ich auch net was ich dazu noch sagen soll. Da fliegt man um die halbe Welt um dann ein deutsches Oktoberfest mit deutschen Bier und deutschsprachiger Blaskapelle zu finden. Absurd ^^", 
         "title": "Oktoberfest 22.10.2011", 
         "photo": "3-2012-07-27/14-0c66d797-c265-42cd-8d97-093f649e4ab9.jpeg", 
         "place": 14, 
         "date": "2013-02-03T13:01:26.465", 
         "size": 162100, 
         "order": 12, 
         "thumb": "3-2012-07-27/14-0c66d797-c265-42cd-8d97-093f649e4ab9.0.jpeg"
      }
   }, 
   {
      "pk": 83, 
      "model": "pm.photo", 
      "fields": {
         "description": "Was ist noch deutsch? Hm..? Ne Polonaise nat\u00fcrlich! :)\nKennt jemand noch Baumkuchen? Ist anscheinend eine deutsche Spezialit\u00e4t. Hab ich in meinen ganzen Leben noch nie von geh\u00f6rt. Wikipedia meinte, dass es die haupts\u00e4chlich in Brandenburg gibt. Hier gibt es am Flughafen ganze L\u00e4den, die nur Baumkuchen verkaufen.", 
         "title": "Oktoberfest 22.10.2011", 
         "photo": "3-2012-07-27/14-daed416c-07ad-4d5e-94c4-b47e4ed13dfb.jpeg", 
         "place": 14, 
         "date": "2013-02-03T13:01:30.758", 
         "size": 174317, 
         "order": 13, 
         "thumb": "3-2012-07-27/14-daed416c-07ad-4d5e-94c4-b47e4ed13dfb.0.jpeg"
      }
   }, 
   {
      "pk": 85, 
      "model": "pm.photo", 
      "fields": {
         "description": "Die Uni hier hat auch noch zwei Trainingsr\u00e4ume. Sind f\u00fcr die Studierendenzahlen ziemlich klein, allerdings benutzen die auch wirklich wenige Japaner. Generell wird hier ziemlich viel Sport gemacht. Krafttraining ist nicht sonderlich popul\u00e4r, an der Wand h\u00e4ngt noch ein Foto von Arnold Schwarzeneggers Japan Aufenthalt irgendwann in den 70er. Stark!", 
         "title": "Kraftraum 31.10.2011", 
         "photo": "3-2012-07-27/14-a07e2605-dbea-4e42-907f-80d1f2ccfe2a.jpeg", 
         "place": 14, 
         "date": "2013-02-03T13:01:37.924", 
         "size": 105357, 
         "order": 15, 
         "thumb": "3-2012-07-27/14-a07e2605-dbea-4e42-907f-80d1f2ccfe2a.0.jpeg"
      }
   }, 
   {
      "pk": 86, 
      "model": "pm.photo", 
      "fields": {
         "description": "", 
         "title": "Schulhof 07.10.2011", 
         "photo": "3-2012-07-27/14-0ea4a32e-7aca-46fb-8e49-56cd619e479d.jpeg", 
         "place": 14, 
         "date": "2013-02-03T13:01:59.491", 
         "size": 1248978, 
         "order": 16, 
         "thumb": "3-2012-07-27/14-0ea4a32e-7aca-46fb-8e49-56cd619e479d.0.jpeg"
      }
   }, 
   {
      "pk": 87, 
      "model": "pm.photo", 
      "fields": {
         "description": "Anscheinend war Arnold wohl irgendwann mal in Japan. War w\u00e4hrrend seiner aktiven Zeit, ist also schon eine Weile her. Im Internet hab ich dazu auch nichts mehr gefunden.", 
         "title": "Arnold Schwarzenegger ", 
         "photo": "3-2012-07-27/14-5e53a9cc-6a25-4ac5-b80a-941d764b4a9e.jpeg", 
         "place": 14, 
         "date": "2013-02-03T13:02:12.493", 
         "size": 741040, 
         "order": 17, 
         "thumb": "3-2012-07-27/14-5e53a9cc-6a25-4ac5-b80a-941d764b4a9e.0.jpeg"
      }
   }, 
   {
      "pk": 99, 
      "model": "pm.photo", 
      "fields": {
         "description": "Auf dem Weg zu Ginkakuji (die Stra\u00dfe runter) sind wir hier vorbeigekommen.", 
         "title": "Kamo Hashi 08.10.2011", 
         "photo": "3-2012-07-27/17-040908e4-d7fe-42cd-8e6b-65b2aecb5f57.jpeg", 
         "place": 17, 
         "date": "2013-02-03T13:03:46.701", 
         "size": 652514, 
         "order": 0, 
         "thumb": "3-2012-07-27/17-040908e4-d7fe-42cd-8e6b-65b2aecb5f57.0.jpeg"
      }
   }, 
   {
      "pk": 100, 
      "model": "pm.photo", 
      "fields": {
         "description": "Der Kamo Kawa (Fluss) hat viele sehr sch\u00f6ne Abschnitte. Dort trifft man L\u00e4ufer, Radfahrer und eine Unmenge an japanischen Schulkindern (Bild). In Japan m\u00fcssen Sch\u00fcler bis zur 9.Klasse eine Schuluniform tragen.", 
         "title": "Kamo Hashi 08.10.2011", 
         "photo": "3-2012-07-27/17-9c18e948-68f6-4584-ac6a-156c4524bae5.jpeg", 
         "place": 17, 
         "date": "2013-02-03T13:03:52.824", 
         "size": 302904, 
         "order": 1, 
         "thumb": "3-2012-07-27/17-9c18e948-68f6-4584-ac6a-156c4524bae5.0.jpeg"
      }
   }, 
   {
      "pk": 106, 
      "model": "pm.photo", 
      "fields": {
         "description": "Rechts sieht man einen Haufen Telefon- und Stromleitungen. Die Stra\u00dfen sind mit den Leitungsmasten zugepflastert, keine Ahnung wie man bei solchen Leitungen irgendwas mal austauschen soll.", 
         "title": "Kamo Hashi 08.10.2011", 
         "photo": "3-2012-07-27/17-c40b4670-377b-4c43-90c9-052fd843021a.jpeg", 
         "place": 17, 
         "date": "2013-02-03T13:05:05.300", 
         "size": 726910, 
         "order": 7, 
         "thumb": "3-2012-07-27/17-c40b4670-377b-4c43-90c9-052fd843021a.0.jpeg"
      }
   }, 
   {
      "pk": 108, 
      "model": "pm.photo", 
      "fields": {
         "description": "", 
         "title": "Taxi auf Br\u00fcckenpanorama", 
         "photo": "3-2012-07-27/17-62603fc6-3a9e-48fe-b0af-0d63c5337fb9.jpeg", 
         "place": 17, 
         "date": "2013-02-03T13:05:39.857", 
         "size": 801305, 
         "order": 9, 
         "thumb": "3-2012-07-27/17-62603fc6-3a9e-48fe-b0af-0d63c5337fb9.0.jpeg"
      }
   }, 
   {
      "pk": 109, 
      "model": "pm.photo", 
      "fields": {
         "description": "", 
         "title": "Blick entlang des Flusses", 
         "photo": "3-2012-07-27/17-b520838e-3856-44ef-9077-2ae28e84c43d.jpeg", 
         "place": 17, 
         "date": "2013-02-03T13:05:43.806", 
         "size": 153687, 
         "order": 10, 
         "thumb": "3-2012-07-27/17-b520838e-3856-44ef-9077-2ae28e84c43d.0.jpeg"
      }
   }, 
   {
      "pk": 111, 
      "model": "pm.photo", 
      "fields": {
         "description": "Im ersten und zweiten Stock gibt es sehr viele Ramenl\u00e4den (japanische Nudeln).", 
         "title": "Kyoto Main Station 09.10.2011", 
         "photo": "3-2012-07-27/18-bc258a5e-2bbc-41e1-b013-722873ae6df2.jpeg", 
         "place": 18, 
         "date": "2013-02-03T13:05:56.776", 
         "size": 389483, 
         "order": 1, 
         "thumb": "3-2012-07-27/18-bc258a5e-2bbc-41e1-b013-722873ae6df2.0.jpeg"
      }
   }, 
   {
      "pk": 112, 
      "model": "pm.photo", 
      "fields": {
         "description": "Wasserfont\u00e4ne, die verschiedene Formen annimmt. Im Untergeschoss gibt es wie im Obergeschoss eine F\u00fclle an Gesch\u00e4ften und Restaurants.", 
         "title": "Kyoto Main Station 05.11.2011", 
         "photo": "3-2012-07-27/18-2f4bd542-b9f8-4600-9611-49be8d13e40b.jpeg", 
         "place": 18, 
         "date": "2013-02-03T13:06:09.689", 
         "size": 736475, 
         "order": 2, 
         "thumb": "3-2012-07-27/18-2f4bd542-b9f8-4600-9611-49be8d13e40b.0.jpeg"
      }
   }, 
   {
      "pk": 113, 
      "model": "pm.photo", 
      "fields": {
         "description": "Japanische Restaurants pr\u00e4sentieren ihr Men\u00fc als Plastikimitate im Schaufenster. Einfach klasse, vor allem weil ich bei 80% meines Essens in Japan keine Ahnung habe was es ist. Generell ist das japanische Essen deutlich leichter als deutsches, das liegt vor allem daran da sie fast alles aus dem Meer essen. Spezialit\u00e4ten aus anderen L\u00e4ndern sucht man hier vergebens, sehr selten trifft man auf Inder oder amerikanische Restaurants.", 
         "title": "Kyoto Main Station 09.10.2011", 
         "photo": "3-2012-07-27/18-abdef417-1830-402b-92ea-86d9740cf089.jpeg", 
         "place": 18, 
         "date": "2013-02-03T13:06:28.186", 
         "size": 1069229, 
         "order": 3, 
         "thumb": "3-2012-07-27/18-abdef417-1830-402b-92ea-86d9740cf089.0.jpeg"
      }
   }, 
   {
      "pk": 114, 
      "model": "pm.photo", 
      "fields": {
         "description": "Japanischer Seidewurm. Oft wird er als Maskottchen von Firmen eingesetzt. Sehr beliebt ist er unter Kindern. ", 
         "title": "Kyoto Main Station 05.11.2011", 
         "photo": "3-2012-07-27/18-af587dda-5cd9-4a8a-b5b3-2f991575f0b2.jpeg", 
         "place": 18, 
         "date": "2013-02-03T13:06:37.845", 
         "size": 530719, 
         "order": 4, 
         "thumb": "3-2012-07-27/18-af587dda-5cd9-4a8a-b5b3-2f991575f0b2.0.jpeg"
      }
   }, 
   {
      "pk": 115, 
      "model": "pm.photo", 
      "fields": {
         "description": "Kurz bevor U- und Regionalbahnsteigen.", 
         "title": "Kyoto Main Station 05.11.2011", 
         "photo": "3-2012-07-27/18-db5a4da8-ecd7-472d-9d3b-6af9e1b3ec30.jpeg", 
         "place": 18, 
         "date": "2013-02-03T13:06:48.450", 
         "size": 599044, 
         "order": 5, 
         "thumb": "3-2012-07-27/18-db5a4da8-ecd7-472d-9d3b-6af9e1b3ec30.0.jpeg"
      }
   }, 
   {
      "pk": 116, 
      "model": "pm.photo", 
      "fields": {
         "description": "", 
         "title": "Weihnachtsbaum in der Haupthalle", 
         "photo": "3-2012-07-27/18-740c2777-6511-4e19-aac7-af9fe5fc28ac.jpeg", 
         "place": 18, 
         "date": "2013-02-03T13:06:53.709", 
         "size": 245557, 
         "order": 6, 
         "thumb": "3-2012-07-27/18-740c2777-6511-4e19-aac7-af9fe5fc28ac.0.jpeg"
      }
   }, 
   {
      "pk": 117, 
      "model": "pm.photo", 
      "fields": {
         "description": "Im Bahnhof gibt es sehr leckere Ramenl\u00e4den. Ramen sind Eiernudeln die mit Fleisch in einer Br\u00fche serviert werden.", 
         "title": "\u30e9\u30fc\u30e1\u30f3 (Ramen)", 
         "photo": "3-2012-07-27/18-e6405598-b019-4056-a71e-43298139ffae.jpeg", 
         "place": 18, 
         "date": "2013-02-03T13:07:12.402", 
         "size": 1054196, 
         "order": 7, 
         "thumb": "3-2012-07-27/18-e6405598-b019-4056-a71e-43298139ffae.0.jpeg"
      }
   }, 
   {
      "pk": 159, 
      "model": "pm.photo", 
      "fields": {
         "description": "In jedem Convenience Store (kleiner Supermarkt 24/7 offen) gibt es eine oder mehrere Mirkowellen, in denen man sein Essen direkt aufw\u00e4rmen kann. Ziemlich praktisch.", 
         "title": "Mikrowelle 14.11.2011", 
         "photo": "3-2012-07-27/20-1d9ab242-60ca-425e-88cf-deebfe2ccb97.jpeg", 
         "place": 20, 
         "date": "2013-02-03T13:18:33.369", 
         "size": 873485, 
         "order": 0, 
         "thumb": "3-2012-07-27/20-1d9ab242-60ca-425e-88cf-deebfe2ccb97.0.jpeg"
      }
   }, 
   {
      "pk": 160, 
      "model": "pm.photo", 
      "fields": {
         "description": "Conbinis haben praktisch alles im Sortiment, was man f\u00fcr den Alltag so braucht. Dieser Lawson ist ein 100 Yen Shop, also das \u00c4quivalent zum 1\u20ac Laden. Trotzdem kostet alles 105 Yen.", 
         "title": "Vom Eingang 14.11.2011", 
         "photo": "3-2012-07-27/20-999440b3-744b-49fd-babe-a639f2ac1864.jpeg", 
         "place": 20, 
         "date": "2013-02-03T13:18:43.831", 
         "size": 584693, 
         "order": 1, 
         "thumb": "3-2012-07-27/20-999440b3-744b-49fd-babe-a639f2ac1864.0.jpeg"
      }
   }, 
   {
      "pk": 161, 
      "model": "pm.photo", 
      "fields": {
         "description": "Japanische Kinder m\u00fcssen praktisch jeden Tag Sport machen, entweder Fussball, Baseball oder Tennis. Auch am Samstag stehen die schon um 8.30 Uhr auf dem Platz, wenn ich gerade mal Toast im Conbini kaufen geh.", 
         "title": "Japanische Schulkinder spielen Fussball 19.11.2011", 
         "photo": "3-2012-07-27/21-76bade5b-59bf-42bb-84be-76afc79203aa.jpeg", 
         "place": 21, 
         "date": "2013-02-03T13:18:51.563", 
         "size": 395108, 
         "order": 0, 
         "thumb": "3-2012-07-27/21-76bade5b-59bf-42bb-84be-76afc79203aa.0.jpeg"
      }
   }, 
   {
      "pk": 162, 
      "model": "pm.photo", 
      "fields": {
         "description": "Parkpl\u00e4tze vor Wohnh\u00e4usern sind ziemlich raffiniert konstruiert. Hier gibt es in der Mitte eine Platte, die das Auto in den entsprechenden Winkel rotiert, sodass man nur noch r\u00fcckw\u00e4rts fahren muss. Gelegentlich sieht man auch noch einen Lift f\u00fcr Autos, das sieht dann aus wie ein Hochbett.", 
         "title": "Japanischer Parkplatz 19.11.2011", 
         "photo": "3-2012-07-27/21-d9c82cd5-f2fc-4938-875a-786b9dc85224.jpeg", 
         "place": 21, 
         "date": "2013-02-03T13:18:59.972", 
         "size": 400182, 
         "order": 1, 
         "thumb": "3-2012-07-27/21-d9c82cd5-f2fc-4938-875a-786b9dc85224.0.jpeg"
      }
   }, 
   {
      "pk": 165, 
      "model": "pm.photo", 
      "fields": {
         "description": "Japanisches Essen wird immer in mehreren Sch\u00fcssel serviert. Immer dabei ist Reis (links), der pur gegessen wird, und meistens Misu Suppe (rechts). Oft gibt es dann noch Salat (Mitte) und Fleisch. In meinen Fall : Wurst, Hamburgerfleisch, Sprossen und Speck. Japaner essen sehr gerne Wurst, auch zum Fr\u00fchst\u00fcck.", 
         "title": "Essen 04.11.2011", 
         "photo": "3-2012-07-27/23-73e2144d-61b4-405e-99fd-1ad0ffd7554f.jpeg", 
         "place": 23, 
         "date": "2013-02-03T13:19:59.368", 
         "size": 987044, 
         "order": 0, 
         "thumb": "3-2012-07-27/23-73e2144d-61b4-405e-99fd-1ad0ffd7554f.0.jpeg"
      }
   }, 
   {
      "pk": 166, 
      "model": "pm.photo", 
      "fields": {
         "description": "", 
         "title": "Ich 04.11.2011", 
         "photo": "3-2012-07-27/23-bb31cc2d-c4be-4503-93d9-b9401f03a731.jpeg", 
         "place": 23, 
         "date": "2013-02-03T13:20:12.526", 
         "size": 741363, 
         "order": 1, 
         "thumb": "3-2012-07-27/23-bb31cc2d-c4be-4503-93d9-b9401f03a731.0.jpeg"
      }
   }, 
   {
      "pk": 167, 
      "model": "pm.photo", 
      "fields": {
         "description": "In Restaurants sitzt man meist in Nischen, die durch einen Sichtschutz von anderen abgetrennt sind.", 
         "title": "Essnischen 04.11.2011", 
         "photo": "3-2012-07-27/23-36c3ee73-3a29-441d-ae31-4399022874ce.jpeg", 
         "place": 23, 
         "date": "2013-02-03T13:20:21.778", 
         "size": 509447, 
         "order": 2, 
         "thumb": "3-2012-07-27/23-36c3ee73-3a29-441d-ae31-4399022874ce.0.jpeg"
      }
   }, 
   {
      "pk": 180, 
      "model": "pm.photo", 
      "fields": {
         "description": "Wie l\u00e4cherlich das ganze Reingewinke in Japan ist, sieht man hier sehr sch\u00f6n. F\u00fcr 2 Ausfahrten nebeneinander braucht man 5 Lichtschwerterleute, also 2 pro Ausfahrt. Da sich das ganze schwer vorstellen l\u00e4sst, kann man das mal so probieren. Stell dir einfach vor, es steht jemand vor dem Aldiparkplatz und winkt Autos heraus.", 
         "title": "Lichtschwerter", 
         "photo": "3-2012-07-27/28-5a6ebbe9-c529-4f05-8dfd-c77e209cb569.jpeg", 
         "place": 28, 
         "date": "2013-02-03T13:22:57.835", 
         "size": 264764, 
         "order": 0, 
         "thumb": "3-2012-07-27/28-5a6ebbe9-c529-4f05-8dfd-c77e209cb569.0.jpeg"
      }
   }, 
   {
      "pk": 181, 
      "model": "pm.photo", 
      "fields": {
         "description": "Das ganze ausgef\u00fchrt funktioniert dann so:\nEiner k\u00fcmmert sich um die Passanten, einer um die Autos und der dritte passt auf die anderen 4 auf.\nToll, ne ;)", 
         "title": "Lichtschwerter 2", 
         "photo": "3-2012-07-27/28-77ad8e93-cc3d-401f-bf8c-d125fa37efbb.jpeg", 
         "place": 28, 
         "date": "2013-02-03T13:22:59.954", 
         "size": 325051, 
         "order": 1, 
         "thumb": "3-2012-07-27/28-77ad8e93-cc3d-401f-bf8c-d125fa37efbb.0.jpeg"
      }
   }, 
   {
      "pk": 182, 
      "model": "pm.photo", 
      "fields": {
         "description": "Auf der Stra\u00dfe hat es ein Motorrad in einem Unfall zerrissen. Meistens lassen die einfach den Motor laufen, wenn sie mal 'schnell' weg sind. Auf das Unfallmotorrad haben die Polizisten noch schnell einen Zettel (Nicht anfassen) geklebt und waren dann auch schon verschwunden.", 
         "title": "Polizeiauto Nahaufnahme", 
         "photo": "3-2012-07-27/28-6ba73dff-2c78-4747-b756-636915767169.jpeg", 
         "place": 28, 
         "date": "2013-02-03T13:23:15.352", 
         "size": 838711, 
         "order": 2, 
         "thumb": "3-2012-07-27/28-6ba73dff-2c78-4747-b756-636915767169.0.jpeg"
      }
   }, 
   {
      "pk": 210, 
      "model": "pm.photo", 
      "fields": {
         "description": "Jeder Shintoschrein wird durch ein gro\u00dfes Torii (Torbogen) betreten. Das Foto wurde direkt danach aufgenommen.", 
         "title": "Eingang", 
         "photo": "3-2012-07-27/34-63bb4b36-ff85-400a-b470-4ba57fb34090.jpeg", 
         "place": 34, 
         "date": "2013-02-03T13:30:48.033", 
         "size": 421602, 
         "order": 3, 
         "thumb": "3-2012-07-27/34-63bb4b36-ff85-400a-b470-4ba57fb34090.0.jpeg"
      }
   }, 
   {
      "pk": 189, 
      "model": "pm.photo", 
      "fields": {
         "description": "", 
         "title": "Tor zu \u7d2b\u5bb8\u6bbf (Shishinden) ", 
         "photo": "3-2012-07-27/32-75deedfa-ece2-424d-9484-3de9e46fe2e0.jpeg", 
         "place": 32, 
         "date": "2013-02-03T13:24:09.944", 
         "size": 146571, 
         "order": 1, 
         "thumb": "3-2012-07-27/32-75deedfa-ece2-424d-9484-3de9e46fe2e0.0.jpeg"
      }
   }, 
   {
      "pk": 190, 
      "model": "pm.photo", 
      "fields": {
         "description": "Auch hier wird wieder munter Ramsch an haupts\u00e4chlich japanische Touristen vertickt.", 
         "title": "Touristengruppe vor Verkaufsstand", 
         "photo": "3-2012-07-27/32-d474c047-6514-4314-879c-1cd4db93e814.jpeg", 
         "place": 32, 
         "date": "2013-02-03T13:24:32.686", 
         "size": 1309902, 
         "order": 2, 
         "thumb": "3-2012-07-27/32-d474c047-6514-4314-879c-1cd4db93e814.0.jpeg"
      }
   }, 
   {
      "pk": 192, 
      "model": "pm.photo", 
      "fields": {
         "description": "Purpurne Kaiserhalle, in denen der Kaiser wohnte. Viele Japaner benutzen bei praller Sonne Schirme und Handschuhe, um nicht braun zu werden.", 
         "title": "\u7d2b\u5bb8\u6bbf( Shishinden)", 
         "photo": "3-2012-07-27/32-59b1d2c2-4b06-43ac-a816-b5129071d755.jpeg", 
         "place": 32, 
         "date": "2013-02-03T13:24:55.739", 
         "size": 1021212, 
         "order": 4, 
         "thumb": "3-2012-07-27/32-59b1d2c2-4b06-43ac-a816-b5129071d755.0.jpeg"
      }
   }, 
   {
      "pk": 193, 
      "model": "pm.photo", 
      "fields": {
         "description": "Nat\u00fcrlich gibts auch im Gosho Sicherheitskr\u00e4fte oder Absperrleute oder was auch immer die Funktion der netten Dame hier ist.", 
         "title": "Sicherheitsleute", 
         "photo": "3-2012-07-27/32-1ba4c8f6-9b28-44b8-95f0-506115af6473.jpeg", 
         "place": 32, 
         "date": "2013-02-03T13:25:26.302", 
         "size": 1752171, 
         "order": 5, 
         "thumb": "3-2012-07-27/32-1ba4c8f6-9b28-44b8-95f0-506115af6473.0.jpeg"
      }
   }, 
   {
      "pk": 194, 
      "model": "pm.photo", 
      "fields": {
         "description": "Garten und Teich vor dem Freizeitbereich des Palasts.", 
         "title": "\u5fa1\u6c60\u5ead (Oike Niwa)", 
         "photo": "3-2012-07-27/32-2dd27be5-3346-441f-85e9-6c5900c78785.jpeg", 
         "place": 32, 
         "date": "2013-02-03T13:25:31.550", 
         "size": 238114, 
         "order": 6, 
         "thumb": "3-2012-07-27/32-2dd27be5-3346-441f-85e9-6c5900c78785.0.jpeg"
      }
   }, 
   {
      "pk": 195, 
      "model": "pm.photo", 
      "fields": {
         "description": "Typisch japanischer Garten.", 
         "title": "\u5fa1\u6c60\u5ead (Oike Niwa)", 
         "photo": "3-2012-07-27/32-39003f81-c9da-4905-8dff-8a14848bfdb0.jpeg", 
         "place": 32, 
         "date": "2013-02-03T13:25:38.095", 
         "size": 299010, 
         "order": 7, 
         "thumb": "3-2012-07-27/32-39003f81-c9da-4905-8dff-8a14848bfdb0.0.jpeg"
      }
   }, 
   {
      "pk": 196, 
      "model": "pm.photo", 
      "fields": {
         "description": "Ein Ausl\u00e4nder, von dem ich mindestens 10 Minuten gedacht habe, dass es Jared Leto (Lord of War) ist.", 
         "title": "Jared Leto", 
         "photo": "3-2012-07-27/32-47dda90a-17a5-4d72-93a7-2af5a54789a0.jpeg", 
         "place": 32, 
         "date": "2013-02-03T13:26:02.601", 
         "size": 1447982, 
         "order": 8, 
         "thumb": "3-2012-07-27/32-47dda90a-17a5-4d72-93a7-2af5a54789a0.0.jpeg"
      }
   }, 
   {
      "pk": 197, 
      "model": "pm.photo", 
      "fields": {
         "description": "", 
         "title": "Polizist vor Gosho", 
         "photo": "3-2012-07-27/32-e4e98169-ed39-48d4-bf48-d8d395a4c731.jpeg", 
         "place": 32, 
         "date": "2013-02-03T13:26:24.179", 
         "size": 1247400, 
         "order": 9, 
         "thumb": "3-2012-07-27/32-e4e98169-ed39-48d4-bf48-d8d395a4c731.0.jpeg"
      }
   }, 
   {
      "pk": 198, 
      "model": "pm.photo", 
      "fields": {
         "description": "Der Kimono ist die japanische Tracht schlechthin. Ungef\u00e4hr so, wie bei uns Lederhosen und Dirndl. Es gibt verschiedene Versionen des Kimonos von formal bis l\u00e4ssig. Getragen wird er vor allem zu \u8336\u9053 (Teezeromonie).", 
         "title": "\u7740\u7269 (Kimono)", 
         "photo": "3-2012-07-27/32-abeca60d-a561-40a1-a9e7-027ddfc7e24e.jpeg", 
         "place": 32, 
         "date": "2013-02-03T13:26:44.047", 
         "size": 1129207, 
         "order": 10, 
         "thumb": "3-2012-07-27/32-abeca60d-a561-40a1-a9e7-027ddfc7e24e.0.jpeg"
      }
   }, 
   {
      "pk": 199, 
      "model": "pm.photo", 
      "fields": {
         "description": "Ein Mann, der Beton mit einer Gie\u00dfkanne gie\u00dft. Warum er und andere das machen, wei\u00df ich net.", 
         "title": "Keine Ahnung", 
         "photo": "3-2012-07-27/32-3cfcd40f-7227-4389-a3a0-7375b1a92e78.jpeg", 
         "place": 32, 
         "date": "2013-02-03T13:26:58.603", 
         "size": 811097, 
         "order": 11, 
         "thumb": "3-2012-07-27/32-3cfcd40f-7227-4389-a3a0-7375b1a92e78.0.jpeg"
      }
   }, 
   {
      "pk": 200, 
      "model": "pm.photo", 
      "fields": {
         "description": "Vor Tempel u.\u00e4. werden oft S\u00fcssigkeiten mit roter Bohnen (schmeckt ein bisschen wie Schokolade) F\u00fcllung verkauft. Auch extrem beliebt ist alles mit gr\u00fcnem Tee. Tee mit gr\u00fcnem Tee, Schokolade mit gr\u00fcnem Tee, Eis mit gr\u00fcnem Tee, etc...", 
         "title": "Souvenirstand vor Gosho", 
         "photo": "3-2012-07-27/32-f70b1c61-3d60-4e62-a568-1dc5914ffbdf.jpeg", 
         "place": 32, 
         "date": "2013-02-03T13:27:16.630", 
         "size": 934929, 
         "order": 12, 
         "thumb": "3-2012-07-27/32-f70b1c61-3d60-4e62-a568-1dc5914ffbdf.0.jpeg"
      }
   }, 
   {
      "pk": 202, 
      "model": "pm.photo", 
      "fields": {
         "description": "", 
         "title": "Sch\u00fcler beim Picknick", 
         "photo": "3-2012-07-27/32-ecda6f65-a3a0-4c67-b56a-3c8cb77d1a35.jpeg", 
         "place": 32, 
         "date": "2013-02-03T13:27:54.038", 
         "size": 297284, 
         "order": 14, 
         "thumb": "3-2012-07-27/32-ecda6f65-a3a0-4c67-b56a-3c8cb77d1a35.0.jpeg"
      }
   }, 
   {
      "pk": 203, 
      "model": "pm.photo", 
      "fields": {
         "description": "Eigentlich ist das Jens Fahrrad. Bei meinem Fahrrad geht der Sattel nur bis auf halbe H\u00f6he und eigentlich ist mir das immer noch zu niedrig. Sie hockt auf dem Gep\u00e4cktr\u00e4ger. Tandem Fahren ist in Japan verboten, deshalb laufen uns auch abundzu Polizisten hinterher.", 
         "title": "Unser Fahrrad", 
         "photo": "3-2012-07-27/32-3b3873f9-ae7e-45f1-b4aa-83719cf2f724.jpeg", 
         "place": 32, 
         "date": "2013-02-03T13:28:24.013", 
         "size": 1659925, 
         "order": 15, 
         "thumb": "3-2012-07-27/32-3b3873f9-ae7e-45f1-b4aa-83719cf2f724.0.jpeg"
      }
   }, 
   {
      "pk": 205, 
      "model": "pm.photo", 
      "fields": {
         "description": "Unter den orangenen Bl\u00e4ttern kann man noch einen Photographen erkennen, der die Bl\u00e4tter fotographiert.", 
         "title": "\u7d05\u8449 (Momiji)", 
         "photo": "3-2012-07-27/32-35cb29d1-c0a3-4794-9091-8c09ec179fcf.jpeg", 
         "place": 32, 
         "date": "2013-02-03T13:29:36.345", 
         "size": 2012932, 
         "order": 17, 
         "thumb": "3-2012-07-27/32-35cb29d1-c0a3-4794-9091-8c09ec179fcf.0.jpeg"
      }
   }, 
   {
      "pk": 211, 
      "model": "pm.photo", 
      "fields": {
         "description": "Viele Buddhisten kommen zum Beten an den Tempel. Man wirft eine Spende in die Holdbox, l\u00e4utet die Glocke und betet.", 
         "title": "Glocken", 
         "photo": "3-2012-07-27/34-5606311c-4347-406e-9d95-61041ef3cba2.jpeg", 
         "place": 34, 
         "date": "2013-02-03T13:30:57.917", 
         "size": 545046, 
         "order": 4, 
         "thumb": "3-2012-07-27/34-5606311c-4347-406e-9d95-61041ef3cba2.0.jpeg"
      }
   }, 
   {
      "pk": 214, 
      "model": "pm.photo", 
      "fields": {
         "description": "Omikuji sind Wahrsagungen, die auf verschiedenste Dinge gedruckt oder geschrieben werden - hier sind es nat\u00fcrlich Tooris (Torb\u00f6gen). Das ganze ist so ungef\u00e4hr wie der chinesische Gl\u00fcckskeks. Nur wirft man das ganze nicht weg, sondern h\u00e4ngt oder steckt es in eine Halterung aus Holz.", 
         "title": "\u5fa1\u5fa1\u7c64 (Omikuji)", 
         "photo": "3-2012-07-27/34-5a1c4e66-79c1-4e40-a126-b9fc48a3c447.jpeg", 
         "place": 34, 
         "date": "2013-02-03T13:31:14.957", 
         "size": 248481, 
         "order": 7, 
         "thumb": "3-2012-07-27/34-5a1c4e66-79c1-4e40-a126-b9fc48a3c447.0.jpeg"
      }
   }, 
   {
      "pk": 215, 
      "model": "pm.photo", 
      "fields": {
         "description": "Insgesamt gibt es 4 km Fu\u00dfweg und \u00fcber Tausende von B\u00f6gen.", 
         "title": "Gro\u00dfe \u00dcbersichtskarte", 
         "photo": "3-2012-07-27/34-1e1410e9-04ac-48e3-95e5-06de256a418c.jpeg", 
         "place": 34, 
         "date": "2013-02-03T13:31:19.661", 
         "size": 201385, 
         "order": 8, 
         "thumb": "3-2012-07-27/34-1e1410e9-04ac-48e3-95e5-06de256a418c.0.jpeg"
      }
   }, 
   {
      "pk": 216, 
      "model": "pm.photo", 
      "fields": {
         "description": "Auf einzelnen Torb\u00f6gen werden Datum der Herrstellung und K\u00fcnstler bzw. Sponsor eingetragen.", 
         "title": "Nahaufnahme Torbogen", 
         "photo": "3-2012-07-27/34-84f86694-6ace-4494-914e-7d47027cd4a5.jpeg", 
         "place": 34, 
         "date": "2013-02-03T13:31:26.650", 
         "size": 353272, 
         "order": 9, 
         "thumb": "3-2012-07-27/34-84f86694-6ace-4494-914e-7d47027cd4a5.0.jpeg"
      }
   }, 
   {
      "pk": 217, 
      "model": "pm.photo", 
      "fields": {
         "description": "Der Fuchs wird als Botschafter der G\u00f6tter dieses Schreins gesehen. Wie schon auf den Torb\u00f6gen, wird auf die R\u00fcckseite des Fuchses eine Prophezeihung geschrieben, die Vorderseite ist scheinbar frei der eigenen Gestaltung \u00fcberlassen.", 
         "title": "\u5fa1\u5fa1\u7c64 (Omikuji) die  zweite", 
         "photo": "3-2012-07-27/34-dc8679fa-744c-4c8f-b912-c5b2e232d23a.jpeg", 
         "place": 34, 
         "date": "2013-02-03T13:31:50.957", 
         "size": 1370545, 
         "order": 10, 
         "thumb": "3-2012-07-27/34-dc8679fa-744c-4c8f-b912-c5b2e232d23a.0.jpeg"
      }
   }, 
   {
      "pk": 219, 
      "model": "pm.photo", 
      "fields": {
         "description": "Viele Gottheiten bekommen M\u00fctzen aufgesetzt oder einen Art Latz umgebunden.", 
         "title": "Kleines Torii mit zwei F\u00fcchsen", 
         "photo": "3-2012-07-27/34-e7134624-2489-4760-8067-60cbe698640a.jpeg", 
         "place": 34, 
         "date": "2013-02-03T13:32:18.802", 
         "size": 1363670, 
         "order": 12, 
         "thumb": "3-2012-07-27/34-e7134624-2489-4760-8067-60cbe698640a.0.jpeg"
      }
   }, 
   {
      "pk": 224, 
      "model": "pm.photo", 
      "fields": {
         "description": "Eine halbe Stunde nach dem Bambuswald hab ich dann die geheime Torii Fabrik gefunden. Alle Toriis werden in Handarbeit gefertigt und bemalt.", 
         "title": "Torii Fabrik", 
         "photo": "3-2012-07-27/34-fbabe115-db86-47c3-9e25-f7337c6cebf0.jpeg", 
         "place": 34, 
         "date": "2013-02-03T13:33:01.113", 
         "size": 516117, 
         "order": 17, 
         "thumb": "3-2012-07-27/34-fbabe115-db86-47c3-9e25-f7337c6cebf0.0.jpeg"
      }
   }, 
   {
      "pk": 225, 
      "model": "pm.photo", 
      "fields": {
         "description": "Ganz oben waren doch nochmal exzessiv viele Toriis. Links sieht man vielleicht \u751f\u82b1 (Ikebana), die traditionelle Steckkunst.", 
         "title": "Spitze des Berges", 
         "photo": "3-2012-07-27/34-32c61b11-ec13-4f7c-aff5-6e4de9f69945.jpeg", 
         "place": 34, 
         "date": "2013-02-03T13:33:15.325", 
         "size": 755510, 
         "order": 18, 
         "thumb": "3-2012-07-27/34-32c61b11-ec13-4f7c-aff5-6e4de9f69945.0.jpeg"
      }
   }, 
   {
      "pk": 226, 
      "model": "pm.photo", 
      "fields": {
         "description": "Auf diesem Altar gabs dann nochmal ganz viele F\u00fcchse zu bestaunen.", 
         "title": "Viele F\u00fcchse", 
         "photo": "3-2012-07-27/34-d1f71b3a-0d9f-4e30-9fe7-f017768ec668.jpeg", 
         "place": 34, 
         "date": "2013-02-03T13:33:40.452", 
         "size": 1487684, 
         "order": 19, 
         "thumb": "3-2012-07-27/34-d1f71b3a-0d9f-4e30-9fe7-f017768ec668.0.jpeg"
      }
   }, 
   {
      "pk": 227, 
      "model": "pm.photo", 
      "fields": {
         "description": "Mittlere Toriis kosten 30.000 Yen (~ 300\u20ac). Dazu ist mir dann auch nix mehr eingefallen.", 
         "title": "Toriis zum Kaufen", 
         "photo": "3-2012-07-27/34-c53ab319-e4b9-4a0b-9925-bbd1870d87d6.jpeg", 
         "place": 34, 
         "date": "2013-02-03T13:33:52.444", 
         "size": 692407, 
         "order": 20, 
         "thumb": "3-2012-07-27/34-c53ab319-e4b9-4a0b-9925-bbd1870d87d6.0.jpeg"
      }
   }, 
   {
      "pk": 248, 
      "model": "pm.photo", 
      "fields": {
         "description": "Das ist das Regio Equivalent der japanischen Bahn.", 
         "title": "Zug von Innen Richtung Osaka", 
         "photo": "3-2012-07-27/38-8ba05e98-6f8a-44db-a0fd-8b8ad1f81344.jpeg", 
         "place": 38, 
         "date": "2013-02-03T13:37:00.351", 
         "size": 367518, 
         "order": 1, 
         "thumb": "3-2012-07-27/38-8ba05e98-6f8a-44db-a0fd-8b8ad1f81344.0.jpeg"
      }
   }, 
   {
      "pk": 247, 
      "model": "pm.photo", 
      "fields": {
         "description": "Bahnfahren ist geradezu spottg\u00fcnstig. Nach Osaka(~ 1 Stunde) zahlt man gerademal 5\u20ac und bekommt daf\u00fcr saubere, p\u00fcnktliche und leere Z\u00fcge, wenn man nicht gerade zur Rushhour unterwegs ist. Ja, ich red mit der schei\u00df DB.", 
         "title": "Bahnsteig Richtung Osaka", 
         "photo": "3-2012-07-27/38-70b2a2d1-2fd0-4109-bce7-3b46bd484f51.jpeg", 
         "place": 38, 
         "date": "2013-02-03T13:36:53.229", 
         "size": 392169, 
         "order": 0, 
         "thumb": "3-2012-07-27/38-70b2a2d1-2fd0-4109-bce7-3b46bd484f51.0.jpeg"
      }
   }, 
   {
      "pk": 249, 
      "model": "pm.photo", 
      "fields": {
         "description": "Nara ist f\u00fcr seine freilaufenden Rehen ber\u00fchmt, deshalb hat das Maskottchen, ein kleiner dicker M\u00f6chen, auch ein Geweih.", 
         "title": "Auf dem Weg nach Nara", 
         "photo": "3-2012-07-27/38-7e0a525f-e57a-4501-a12e-b2a2080b759a.jpeg", 
         "place": 38, 
         "date": "2013-02-03T13:37:18.911", 
         "size": 1026678, 
         "order": 2, 
         "thumb": "3-2012-07-27/38-7e0a525f-e57a-4501-a12e-b2a2080b759a.0.jpeg"
      }
   }, 
   {
      "pk": 252, 
      "model": "pm.photo", 
      "fields": {
         "description": "Japanischer Teich in der Mitte des Gartens.", 
         "title": "\u6c60 (Ike)", 
         "photo": "3-2012-07-27/40-52618468-1192-4b7d-b11b-63d2166ca3bd.jpeg", 
         "place": 40, 
         "date": "2013-02-03T13:38:01.600", 
         "size": 247609, 
         "order": 0, 
         "thumb": "3-2012-07-27/40-52618468-1192-4b7d-b11b-63d2166ca3bd.0.jpeg"
      }
   }, 
   {
      "pk": 255, 
      "model": "pm.photo", 
      "fields": {
         "description": "Konnte man sogar anfassen, weil das Wasser nur 10 cm tief war.", 
         "title": "Kois", 
         "photo": "3-2012-07-27/40-c7b5487a-3331-4eba-996e-413f1957b660.jpeg", 
         "place": 40, 
         "date": "2013-02-03T13:38:16.499", 
         "size": 235346, 
         "order": 3, 
         "thumb": "3-2012-07-27/40-c7b5487a-3331-4eba-996e-413f1957b660.0.jpeg"
      }
   }, 
   {
      "pk": 256, 
      "model": "pm.photo", 
      "fields": {
         "description": "", 
         "title": "Nochmal Yves", 
         "photo": "3-2012-07-27/40-1b6db89e-cf50-48d7-85a3-a46539a70eed.jpeg", 
         "place": 40, 
         "date": "2013-02-03T13:38:32.529", 
         "size": 911294, 
         "order": 4, 
         "thumb": "3-2012-07-27/40-1b6db89e-cf50-48d7-85a3-a46539a70eed.0.jpeg"
      }
   }, 
   {
      "pk": 260, 
      "model": "pm.photo", 
      "fields": {
         "description": "Auch hier gibt es nat\u00fcrlich wieder unendliche viele Stechm\u00fccken.", 
         "title": "Stechm\u00fccken", 
         "photo": "3-2012-07-27/40-f30322f8-f798-4fab-9b32-cf361712e681.jpeg", 
         "place": 40, 
         "date": "2013-02-03T13:38:56.037", 
         "size": 348871, 
         "order": 8, 
         "thumb": "3-2012-07-27/40-f30322f8-f798-4fab-9b32-cf361712e681.0.jpeg"
      }
   }, 
   {
      "pk": 272, 
      "model": "pm.photo", 
      "fields": {
         "description": "Auf der Aussichtsplattform gibt es mehrere Marmorb\u00e4nke, auf denen man zwischen seinen Beinen das Meer als Himmel und die Berge \u00fcber dem Meer als Land erkennen kann/soll. Daf\u00fcr sind wir fast 5 Stunden im Bus gefahren.", 
         "title": "Himmelsbr\u00fccke ", 
         "photo": "3-2012-07-27/45-a315b87a-2097-4555-9f6e-c8f2db34de80.jpeg", 
         "place": 45, 
         "date": "2013-02-03T13:40:46.154", 
         "size": 419106, 
         "order": 0, 
         "thumb": "3-2012-07-27/45-a315b87a-2097-4555-9f6e-c8f2db34de80.0.jpeg"
      }
   }, 
   {
      "pk": 273, 
      "model": "pm.photo", 
      "fields": {
         "description": "\u00dcber Fugu gibts auch eine Simpsons Folge.", 
         "title": "Kugelfisch ", 
         "photo": "3-2012-07-27/45-16b9e700-ad98-4ea3-809a-659db824b56b.jpeg", 
         "place": 45, 
         "date": "2013-02-03T13:40:50.247", 
         "size": 168603, 
         "order": 1, 
         "thumb": "3-2012-07-27/45-16b9e700-ad98-4ea3-809a-659db824b56b.0.jpeg"
      }
   }, 
   {
      "pk": 274, 
      "model": "pm.photo", 
      "fields": {
         "description": "", 
         "title": "Lift zur Aussichtsplattform", 
         "photo": "3-2012-07-27/45-c661300d-13c7-4bbd-b4f6-8f5b2c50ea11.jpeg", 
         "place": 45, 
         "date": "2013-02-03T13:40:55.118", 
         "size": 213365, 
         "order": 2, 
         "thumb": "3-2012-07-27/45-c661300d-13c7-4bbd-b4f6-8f5b2c50ea11.0.jpeg"
      }
   }, 
   {
      "pk": 275, 
      "model": "pm.photo", 
      "fields": {
         "description": "", 
         "title": "Vor der 'Talstation'", 
         "photo": "3-2012-07-27/45-ee877d47-c1bb-4237-b40e-f4442cc313e5.jpeg", 
         "place": 45, 
         "date": "2013-02-03T13:41:21.887", 
         "size": 1327264, 
         "order": 3, 
         "thumb": "3-2012-07-27/45-ee877d47-c1bb-4237-b40e-f4442cc313e5.0.jpeg"
      }
   }, 
   {
      "pk": 276, 
      "model": "pm.photo", 
      "fields": {
         "description": "N\u00e4heres hab ich schon mal bei den Photos zu Fushimi Inara (s\u00fcdlichste Kamera in Kyoto) beschrieben.", 
         "title": "\u5fa1\u5fa1\u7c64 (Omikuji)", 
         "photo": "3-2012-07-27/45-83b27c9d-665d-47b0-84fc-199a69d23768.jpeg", 
         "place": 45, 
         "date": "2013-02-03T13:41:51.408", 
         "size": 1638160, 
         "order": 4, 
         "thumb": "3-2012-07-27/45-83b27c9d-665d-47b0-84fc-199a69d23768.0.jpeg"
      }
   }, 
   {
      "pk": 278, 
      "model": "pm.photo", 
      "fields": {
         "description": "Bevor wir auf die Aussichtsplattform gestiegen sind, haben wir eine Bootsrundfahrt gemacht.", 
         "title": "Bootsrundfahrt", 
         "photo": "3-2012-07-27/45-19272e6f-3726-4dc7-a6d4-4064ffa0676e.jpeg", 
         "place": 45, 
         "date": "2013-02-03T13:42:06.273", 
         "size": 626358, 
         "order": 6, 
         "thumb": "3-2012-07-27/45-19272e6f-3726-4dc7-a6d4-4064ffa0676e.0.jpeg"
      }
   }, 
   {
      "pk": 284, 
      "model": "pm.photo", 
      "fields": {
         "description": "Aus der deutschen Spezialit\u00e4tenecke.", 
         "title": "Baumkuchen", 
         "photo": "3-2012-07-27/48-a7b3964a-c0a1-40de-9432-fb8b55dd1963.jpeg", 
         "place": 48, 
         "date": "2013-02-03T13:43:19.129", 
         "size": 1281919, 
         "order": 0, 
         "thumb": "3-2012-07-27/48-a7b3964a-c0a1-40de-9432-fb8b55dd1963.0.jpeg"
      }
   }, 
   {
      "pk": 285, 
      "model": "pm.photo", 
      "fields": {
         "description": "", 
         "title": "macaron", 
         "photo": "3-2012-07-27/48-1cbf9742-b9d3-4fad-b842-ab4c16346658.jpeg", 
         "place": 48, 
         "date": "2013-02-03T13:43:37.941", 
         "size": 1051915, 
         "order": 1, 
         "thumb": "3-2012-07-27/48-1cbf9742-b9d3-4fad-b842-ab4c16346658.0.jpeg"
      }
   }, 
   {
      "pk": 286, 
      "model": "pm.photo", 
      "fields": {
         "description": "", 
         "title": "Japanische Torten(?)", 
         "photo": "3-2012-07-27/48-91cb1aa5-41c5-454b-bf22-e10b78afd882.jpeg", 
         "place": 48, 
         "date": "2013-02-03T13:43:55.802", 
         "size": 1053484, 
         "order": 2, 
         "thumb": "3-2012-07-27/48-91cb1aa5-41c5-454b-bf22-e10b78afd882.0.jpeg"
      }
   }, 
   {
      "pk": 287, 
      "model": "pm.photo", 
      "fields": {
         "description": "Eine weitere Spezialit\u00e4t die ich hier schon \u00f6fters gesehen habe.", 
         "title": "Frankfurter Kranz", 
         "photo": "3-2012-07-27/48-7a7462b4-face-4656-a261-ebfeebe61117.jpeg", 
         "place": 48, 
         "date": "2013-02-03T13:44:10.346", 
         "size": 812173, 
         "order": 3, 
         "thumb": "3-2012-07-27/48-7a7462b4-face-4656-a261-ebfeebe61117.0.jpeg"
      }
   }, 
   {
      "pk": 288, 
      "model": "pm.photo", 
      "fields": {
         "description": "Ein Teller (Sushi) kostet 100 Yen. Es gibt ungef\u00e4hr 50 Sushi Variationen. Pers\u00f6nlich finde ich alles mit Ei sehr lecker, entweder hart gekocht oder noch weich. Neben Sushi gibt es noch s\u00fcsse Sachen, wie zb. die s\u00fcssen Kartoffelsticks links im Bild. ", 
         "title": "Sushi", 
         "photo": "3-2012-07-27/49-692aeaa3-4e95-4d92-9054-10e27b81d081.jpeg", 
         "place": 49, 
         "date": "2013-02-03T13:44:33.798", 
         "size": 1346184, 
         "order": 0, 
         "thumb": "3-2012-07-27/49-692aeaa3-4e95-4d92-9054-10e27b81d081.0.jpeg"
      }
   }, 
   {
      "pk": 289, 
      "model": "pm.photo", 
      "fields": {
         "description": "Es gibt 2 Arten von Sushi-Restaurants, mit F\u00f6rderband und ohne. Gerade wenn man eigentlich keine Ahnung hat was man will, ist das F\u00f6rderband sehr hilfreich. So kann man sich alles erstmal in Ruhe anschauen, wenn es vorbeif\u00e4hrt. Das ganze rotiert fortlaufend und alles kommt mal an einem vorbei.", 
         "title": "F\u00f6rderband", 
         "photo": "3-2012-07-27/49-21f221c5-1eaa-4491-8fe2-c9d690f21efa.jpeg", 
         "place": 49, 
         "date": "2013-02-03T13:44:54.310", 
         "size": 1157130, 
         "order": 1, 
         "thumb": "3-2012-07-27/49-21f221c5-1eaa-4491-8fe2-c9d690f21efa.0.jpeg"
      }
   }, 
   {
      "pk": 290, 
      "model": "pm.photo", 
      "fields": {
         "description": "Entweder man nimmt die Teller von Band oder man bestellt \u00fcber ein Touchscreen Sushi f\u00fcr den eigenen Tisch. Letzteres kommt dann auf einen kleinen Wagen angefahren. Bevor man geht schmei\u00dft man dann alle Teller in einen Schlitz. Nach 5 Tellern wird ein Gl\u00fccksspiel gespielt, bei dem man eine Kleinigkeit gewinnen kann (zB Anh\u00e4nger).", 
         "title": "Bestellen", 
         "photo": "3-2012-07-27/49-0eca53d5-4f00-4ba6-953a-2a1e69878e12.jpeg", 
         "place": 49, 
         "date": "2013-02-03T13:45:15.477", 
         "size": 1180219, 
         "order": 2, 
         "thumb": "3-2012-07-27/49-0eca53d5-4f00-4ba6-953a-2a1e69878e12.0.jpeg"
      }
   }, 
   {
      "pk": 291, 
      "model": "pm.photo", 
      "fields": {
         "description": "Und wieder wird ein neuer Supermarkt in meiner N\u00e4he gebaut.", 
         "title": "Baustelle 21.11.11", 
         "photo": "3-2012-07-27/50-de62e54a-b53b-4d72-8137-aad09ec50f7c.jpeg", 
         "place": 50, 
         "date": "2013-02-03T13:45:21.101", 
         "size": 258850, 
         "order": 0, 
         "thumb": "3-2012-07-27/50-de62e54a-b53b-4d72-8137-aad09ec50f7c.0.jpeg"
      }
   }, 
   {
      "pk": 293, 
      "model": "pm.photo", 
      "fields": {
         "description": "An jeder Baustelle in Japan m\u00fcssen Sicherheitsleute stehen die den Verkehr in je eine Richtung regeln. \r\nIst schon ein bisschen absurd, wenn einer den ganzen Tag eine Woche lang an derselben Stelle steht und man da t\u00e4glich mehrmals dran vorbeif\u00e4hrt.", 
         "title": "Baustelle 21.11.11", 
         "photo": "3-2012-07-27/50-5a40228a-ce25-416a-8fc3-0d996d744c44.jpeg", 
         "place": 50, 
         "date": "2013-02-03T13:45:35.457", 
         "size": 243551, 
         "order": 2, 
         "thumb": "3-2012-07-27/50-5a40228a-ce25-416a-8fc3-0d996d744c44.0.jpeg"
      }
   }, 
   {
      "pk": 295, 
      "model": "pm.photo", 
      "fields": {
         "description": "Weil die Japaner ziemlich schnell bauen k\u00f6nnen, kann man einen Supermarkt auch mal in 3 Monaten hochziehen. Zur Er\u00f6ffnung gabs \"Sonderpreise\", die allerdings immer noch locker 2mal so teuer waren wie Sendies nebenan.", 
         "title": "Er\u00f6ffnung 13.12.11", 
         "photo": "3-2012-07-27/50-99183066-0451-40b3-aa73-b691777a4b08.jpeg", 
         "place": 50, 
         "date": "2013-02-03T13:46:27.442", 
         "size": 1471451, 
         "order": 4, 
         "thumb": "3-2012-07-27/50-99183066-0451-40b3-aa73-b691777a4b08.0.jpeg"
      }
   }, 
   {
      "pk": 296, 
      "model": "pm.photo", 
      "fields": {
         "description": "Mochi ist japanischer Reiskuchen, der mit verschienden Zeug gef\u00fcllt wird. Meist rote Bohnen, auf einem Flohmarkt hab ich mal Erdbeer und Blaubeere gegessen. Von der Konsistenz her ist der Kuchen weich und bissfest.", 
         "title": "Mochi ", 
         "photo": "3-2012-07-27/50-56fd7b59-fcf0-4953-a862-85a940e26545.jpeg", 
         "place": 50, 
         "date": "2013-02-03T13:46:48.931", 
         "size": 1197658, 
         "order": 5, 
         "thumb": "3-2012-07-27/50-56fd7b59-fcf0-4953-a862-85a940e26545.0.jpeg"
      }
   }, 
   {
      "pk": 297, 
      "model": "pm.photo", 
      "fields": {
         "description": "Neue Superm\u00e4rkte haben \u00e4hnliche Register wie bei uns Ikea.", 
         "title": "Moderne Kassen", 
         "photo": "3-2012-07-27/50-8b7509f4-58f0-4246-9e9d-077e3399005a.jpeg", 
         "place": 50, 
         "date": "2013-02-03T13:47:18.252", 
         "size": 1446039, 
         "order": 6, 
         "thumb": "3-2012-07-27/50-8b7509f4-58f0-4246-9e9d-077e3399005a.0.jpeg"
      }
   }, 
   {
      "pk": 298, 
      "model": "pm.photo", 
      "fields": {
         "description": "Zur Neuer\u00f6ffnung war ziemlich viel los.", 
         "title": "Alles voll", 
         "photo": "3-2012-07-27/50-1a1a012e-2f86-48bf-90fb-74c15233f303.jpeg", 
         "place": 50, 
         "date": "2013-02-03T13:47:52.487", 
         "size": 1938998, 
         "order": 7, 
         "thumb": "3-2012-07-27/50-1a1a012e-2f86-48bf-90fb-74c15233f303.0.jpeg"
      }
   }, 
   {
      "pk": 299, 
      "model": "pm.photo", 
      "fields": {
         "description": "", 
         "title": "\u30c1\u30e3\u30fc\u30cf\u30f3 (Chahan ) japanischer gebratener Reis", 
         "photo": "3-2012-07-27/51-16b71a0b-065e-4021-b5df-a52cd5024c8d.jpeg", 
         "place": 51, 
         "date": "2013-02-03T13:48:11.447", 
         "size": 1036374, 
         "order": 0, 
         "thumb": "3-2012-07-27/51-16b71a0b-065e-4021-b5df-a52cd5024c8d.0.jpeg"
      }
   }, 
   {
      "pk": 301, 
      "model": "pm.photo", 
      "fields": {
         "description": "", 
         "title": "\u30e9\u30fc\u30e1\u30f3 (\u5927) Ramen (gro\u00df)", 
         "photo": "3-2012-07-27/51-c9ed0355-4897-4cb8-a13b-321845a11148.jpeg", 
         "place": 51, 
         "date": "2013-02-03T13:59:49.241", 
         "size": 1117416, 
         "order": 2, 
         "thumb": "3-2012-07-27/51-c9ed0355-4897-4cb8-a13b-321845a11148.0.jpeg"
      }
   }, 
   {
      "pk": 302, 
      "model": "pm.photo", 
      "fields": {
         "description": "Der Bau wurde 951 beendet und fortlaufend in Stand gehalten. Die Pagode ist 38 Meter (+ 13 mit Spitze) hoch.", 
         "title": "F\u00fcnf st\u00f6ckige Pagode", 
         "photo": "3-2012-07-27/52-d6a0f562-1e93-4168-935b-74478a1f7209.jpeg", 
         "place": 52, 
         "date": "2013-02-03T13:59:57.413", 
         "size": 400044, 
         "order": 0, 
         "thumb": "3-2012-07-27/52-d6a0f562-1e93-4168-935b-74478a1f7209.0.jpeg"
      }
   }, 
   {
      "pk": 303, 
      "model": "pm.photo", 
      "fields": {
         "description": "Jessie ist ein Kommilitone von Jen. Er nimmt gerade am JED Programm teil. JET (Japanese Exchange Teaching Program) ist eine Ma\u00dfnahme der Regierung um japanischen Schulkinder Englisch durch haupts\u00e4chlich englische Muttersprachler beizubringen. ", 
         "title": "Ich,Jen und Jessie", 
         "photo": "3-2012-07-27/52-b8c312d9-2c5b-4823-a708-61d2d548bad1.jpeg", 
         "place": 52, 
         "date": "2013-02-03T14:00:05.796", 
         "size": 433784, 
         "order": 1, 
         "thumb": "3-2012-07-27/52-b8c312d9-2c5b-4823-a708-61d2d548bad1.0.jpeg"
      }
   }, 
   {
      "pk": 304, 
      "model": "pm.photo", 
      "fields": {
         "description": "Sehr ber\u00fchmt w\u00e4hrrend der Momiji Zeit. Wurde errichtet f\u00fcr die G\u00f6ttin des Wissens und der freien K\u00fcnste.", 
         "title": "Bentendo Halle", 
         "photo": "3-2012-07-27/52-d1e13402-1ef5-4a02-84c7-d97fcf8ba1bf.jpeg", 
         "place": 52, 
         "date": "2013-02-03T14:00:18.447", 
         "size": 718626, 
         "order": 2, 
         "thumb": "3-2012-07-27/52-d1e13402-1ef5-4a02-84c7-d97fcf8ba1bf.0.jpeg"
      }
   }, 
   {
      "pk": 305, 
      "model": "pm.photo", 
      "fields": {
         "description": "Residenz des Erzbischofs von Daigo-ji. Eigentlich waren Photos streng verboten, aber die haben alle Angst vor mir, also sagt auch keiner was.", 
         "title": "\u4e09\u5b9d\u9662 (Sanbo-in)", 
         "photo": "3-2012-07-27/52-4b697a2d-8f20-4b60-8d0e-9df0f7c48a8c.jpeg", 
         "place": 52, 
         "date": "2013-02-03T14:00:33.183", 
         "size": 856542, 
         "order": 3, 
         "thumb": "3-2012-07-27/52-4b697a2d-8f20-4b60-8d0e-9df0f7c48a8c.0.jpeg"
      }
   }, 
   {
      "pk": 306, 
      "model": "pm.photo", 
      "fields": {
         "description": "Links l\u00e4uten Japaner traditionell die Glocke, rechts eine Schlange die f\u00fcr toshi koshi soba anstehen.", 
         "title": "Neujahr in Daigo-ji", 
         "photo": "3-2012-07-27/52-bf2f59b1-ef5b-4fe0-9338-2a7190bad73c.jpeg", 
         "place": 52, 
         "date": "2013-02-03T14:00:41.921", 
         "size": 430810, 
         "order": 4, 
         "thumb": "3-2012-07-27/52-bf2f59b1-ef5b-4fe0-9338-2a7190bad73c.0.jpeg"
      }
   }, 
   {
      "pk": 307, 
      "model": "pm.photo", 
      "fields": {
         "description": "Bezeichnet den ersten Schrein-Besuch im neuen Jahr. Dieser muss nicht zwangsl\u00e4ufig in der Nacht des ersten seins, sonder kann in den ersten Tagen des neuen Jahres erfolgen. Viele Tempel werden von mehreren Millionen Menschen in der Zeit \u00fcber das neue Jahr besichtigt.", 
         "title": "\u521d\u8a63 (Hatsu-mode)", 
         "photo": "3-2012-07-27/52-1123ced5-c4d4-449a-8402-5a218d59f899.jpeg", 
         "place": 52, 
         "date": "2013-02-03T14:01:01.328", 
         "size": 1099698, 
         "order": 5, 
         "thumb": "3-2012-07-27/52-1123ced5-c4d4-449a-8402-5a218d59f899.0.jpeg"
      }
   }, 
   {
      "pk": 311, 
      "model": "pm.photo", 
      "fields": {
         "description": "Abschlie\u00dfend bekommt man noch eine Vorhersagung f\u00fcr das n\u00e4chste Jahr. Leider wei\u00df ich nicht mehr genau was meine vorraussagt.", 
         "title": "Feuerstelle", 
         "photo": "3-2012-07-27/52-d2d16412-4150-4b1d-ac08-f83576695ad0.jpeg", 
         "place": 52, 
         "date": "2013-02-03T14:02:16.219", 
         "size": 191883, 
         "order": 9, 
         "thumb": "3-2012-07-27/52-d2d16412-4150-4b1d-ac08-f83576695ad0.0.jpeg"
      }
   }, 
   {
      "pk": 319, 
      "model": "pm.photo", 
      "fields": {
         "description": "", 
         "title": "Strassenschild vor To-ji", 
         "photo": "3-2012-07-27/57-7e19fb07-6055-4106-8749-ffb477aa9487.jpeg", 
         "place": 57, 
         "date": "2013-02-03T14:04:21.081", 
         "size": 246236, 
         "order": 0, 
         "thumb": "3-2012-07-27/57-7e19fb07-6055-4106-8749-ffb477aa9487.0.jpeg"
      }
   }, 
   {
      "pk": 320, 
      "model": "pm.photo", 
      "fields": {
         "description": "Mit dem Flohmarkt in Kitano-Tenmangu der gr\u00f6\u00dfte Flohmarkt in Kyoto.", 
         "title": "Flohmarkt 21.11.11", 
         "photo": "3-2012-07-27/57-aada2774-58e9-467f-8e84-7bf2f6c0d2fd.jpeg", 
         "place": 57, 
         "date": "2013-02-03T14:04:27.512", 
         "size": 318115, 
         "order": 1, 
         "thumb": "3-2012-07-27/57-aada2774-58e9-467f-8e84-7bf2f6c0d2fd.0.jpeg"
      }
   }, 
   {
      "pk": 321, 
      "model": "pm.photo", 
      "fields": {
         "description": "Rote Bohnenpaste packen die hier fast \u00fcberall rein. Hergestellt wird diese durch Kochen und von Roten Bohnen mit Wasser.", 
         "title": "Rote Bohnen", 
         "photo": "3-2012-07-27/57-d206f376-ed5b-4600-ae43-17f814a286a9.jpeg", 
         "place": 57, 
         "date": "2013-02-03T14:04:32.613", 
         "size": 227726, 
         "order": 2, 
         "thumb": "3-2012-07-27/57-d206f376-ed5b-4600-ae43-17f814a286a9.0.jpeg"
      }
   }, 
   {
      "pk": 322, 
      "model": "pm.photo", 
      "fields": {
         "description": "Ist ein koreanischer Pfannkuchen, der der meist mit Fr\u00fchlingszwiebel und Fleisch gebraten wird. Es gibt Abwandlungen auch in China (mit Ei).", 
         "title": "Jijimi", 
         "photo": "3-2012-07-27/57-4ad913cf-7f33-4cce-b911-c5002a5a53af.jpeg", 
         "place": 57, 
         "date": "2013-02-03T14:04:38.356", 
         "size": 272728, 
         "order": 3, 
         "thumb": "3-2012-07-27/57-4ad913cf-7f33-4cce-b911-c5002a5a53af.0.jpeg"
      }
   }, 
   {
      "pk": 323, 
      "model": "pm.photo", 
      "fields": {
         "description": "58.4 Meter.", 
         "title": "Pagode in Toji", 
         "photo": "3-2012-07-27/57-8bffb511-3ad4-4245-84db-e73b41491c9c.jpeg", 
         "place": 57, 
         "date": "2013-02-03T14:04:43.490", 
         "size": 229245, 
         "order": 4, 
         "thumb": "3-2012-07-27/57-8bffb511-3ad4-4245-84db-e73b41491c9c.0.jpeg"
      }
   }, 
   {
      "pk": 324, 
      "model": "pm.photo", 
      "fields": {
         "description": "Ein Gro\u00dfteil des Flohmarkt besteht aus Essensst\u00e4nden, ein weiterer Teil aus Kimonoh\u00e4ndlern.", 
         "title": "Kimono Verkauf", 
         "photo": "3-2012-07-27/57-39cffa68-7218-480a-a064-c28720a8190f.jpeg", 
         "place": 57, 
         "date": "2013-02-03T14:05:19.693", 
         "size": 2025196, 
         "order": 5, 
         "thumb": "3-2012-07-27/57-39cffa68-7218-480a-a064-c28720a8190f.0.jpeg"
      }
   }, 
   {
      "pk": 326, 
      "model": "pm.photo", 
      "fields": {
         "description": "Da Kimonos f\u00fcr M\u00e4nner mir zu langeweilig waren, hab ich mich f\u00fcr diesen hier entschieden. M\u00e4nner und Frauen Kimonos unterscheiden sich einzig durch die L\u00e4nge der \u00c4rmel voneinander.", 
         "title": "Kimono f\u00fcr Neujahr", 
         "photo": "3-2012-07-27/57-50459d07-d2be-4cba-9529-10a701305644.jpeg", 
         "place": 57, 
         "date": "2013-02-03T14:05:51.417", 
         "size": 1425246, 
         "order": 7, 
         "thumb": "3-2012-07-27/57-50459d07-d2be-4cba-9529-10a701305644.0.jpeg"
      }
   }, 
   {
      "pk": 327, 
      "model": "pm.photo", 
      "fields": {
         "description": "Diesmal sogar falsch geschrieben.", 
         "title": "Wieder Rote Bohnen", 
         "photo": "3-2012-07-27/57-98cdb170-dc44-42e5-8c46-335eaf15921d.jpeg", 
         "place": 57, 
         "date": "2013-02-03T14:06:19.370", 
         "size": 1553417, 
         "order": 8, 
         "thumb": "3-2012-07-27/57-98cdb170-dc44-42e5-8c46-335eaf15921d.0.jpeg"
      }
   }, 
   {
      "pk": 329, 
      "model": "pm.photo", 
      "fields": {
         "description": "Definitiv das beste Museum, das ich in Japan besucht hab. Es gab noch einen Audioguide, der die sehr lebendige Ausstellung nochmal ein St\u00fcck besser gemacht hat.", 
         "title": "Autoguide", 
         "photo": "3-2012-07-27/59-88fe61f3-ced4-4454-852e-fd7aebcee4d1.jpeg", 
         "place": 59, 
         "date": "2013-02-03T14:06:44.651", 
         "size": 204742, 
         "order": 0, 
         "thumb": "3-2012-07-27/59-88fe61f3-ced4-4454-852e-fd7aebcee4d1.0.jpeg"
      }
   }, 
   {
      "pk": 330, 
      "model": "pm.photo", 
      "fields": {
         "description": "Das Museum stellt die Geschichte von Osaka in allen Perioden bis zu Industrialisierung aus.", 
         "title": "Vertraute des Kaisers", 
         "photo": "3-2012-07-27/59-d7149c2c-fb31-4a4f-9456-4b10de08af6d.jpeg", 
         "place": 59, 
         "date": "2013-02-03T14:07:06.972", 
         "size": 1183666, 
         "order": 1, 
         "thumb": "3-2012-07-27/59-d7149c2c-fb31-4a4f-9456-4b10de08af6d.0.jpeg"
      }
   }, 
   {
      "pk": 331, 
      "model": "pm.photo", 
      "fields": {
         "description": "", 
         "title": "Panorama \u00fcber Osaka-jo", 
         "photo": "3-2012-07-27/59-7906e92b-b115-48df-a4b6-e2052c31474b.jpeg", 
         "place": 59, 
         "date": "2013-02-03T14:07:30.978", 
         "size": 1201533, 
         "order": 2, 
         "thumb": "3-2012-07-27/59-7906e92b-b115-48df-a4b6-e2052c31474b.0.jpeg"
      }
   }, 
   {
      "pk": 332, 
      "model": "pm.photo", 
      "fields": {
         "description": "", 
         "title": "Nachbau eines japanischen Dorfs", 
         "photo": "3-2012-07-27/59-ce579722-1aea-43b3-b4d0-c83045d30e27.jpeg", 
         "place": 59, 
         "date": "2013-02-03T14:08:03.921", 
         "size": 2018322, 
         "order": 3, 
         "thumb": "3-2012-07-27/59-ce579722-1aea-43b3-b4d0-c83045d30e27.0.jpeg"
      }
   }, 
   {
      "pk": 333, 
      "model": "pm.photo", 
      "fields": {
         "description": "", 
         "title": "Nachbau eines japanischen Schreins", 
         "photo": "3-2012-07-27/59-dea30cea-d604-4e06-8955-021af11e00b3.jpeg", 
         "place": 59, 
         "date": "2013-02-03T14:08:30.591", 
         "size": 1501174, 
         "order": 4, 
         "thumb": "3-2012-07-27/59-dea30cea-d604-4e06-8955-021af11e00b3.0.jpeg"
      }
   }, 
   {
      "pk": 334, 
      "model": "pm.photo", 
      "fields": {
         "description": "", 
         "title": "Nachbildung eines Handelsdistrikts", 
         "photo": "3-2012-07-27/59-47f9512c-92a5-45c7-94d0-80af5dde7cc8.jpeg", 
         "place": 59, 
         "date": "2013-02-03T14:08:55.552", 
         "size": 1482277, 
         "order": 5, 
         "thumb": "3-2012-07-27/59-47f9512c-92a5-45c7-94d0-80af5dde7cc8.0.jpeg"
      }
   }, 
   {
      "pk": 335, 
      "model": "pm.photo", 
      "fields": {
         "description": "", 
         "title": "Zeremonieschiff f\u00fcr einen Umzug", 
         "photo": "3-2012-07-27/59-edf6d394-0a7b-44a7-a2c2-9b79de698019.jpeg", 
         "place": 59, 
         "date": "2013-02-03T14:09:23.775", 
         "size": 1456171, 
         "order": 6, 
         "thumb": "3-2012-07-27/59-edf6d394-0a7b-44a7-a2c2-9b79de698019.0.jpeg"
      }
   }, 
   {
      "pk": 336, 
      "model": "pm.photo", 
      "fields": {
         "description": "Kabuki ist japanisches Theater und besteht aus Gesang, Tanz und Pantomime. Osaka besa\u00df neben Kyoto eines der gr\u00f6\u00dften Kabuki Theater in Japan (und der Welt).", 
         "title": "Strasse vor einem Kabuki Theater", 
         "photo": "3-2012-07-27/59-e770d350-b2b8-4d58-8f51-4d65d2dea8a4.jpeg", 
         "place": 59, 
         "date": "2013-02-03T14:09:37.720", 
         "size": 719047, 
         "order": 7, 
         "thumb": "3-2012-07-27/59-e770d350-b2b8-4d58-8f51-4d65d2dea8a4.0.jpeg"
      }
   }, 
   {
      "pk": 337, 
      "model": "pm.photo", 
      "fields": {
         "description": "Hier sieht man auch sehr sch\u00f6n den Gr\u00f6\u00dfenvergleich, zwischen Japanern und Europ\u00e4ern. Mittlerweile ist der Durchschnittsjapaner aber ein bisschen gr\u00f6\u00dfer geworden.", 
         "title": "Industrialisierung und S-Bahn", 
         "photo": "3-2012-07-27/59-5e45784a-bfc6-4efb-ba81-275a51da242d.jpeg", 
         "place": 59, 
         "date": "2013-02-03T14:10:02.603", 
         "size": 1471053, 
         "order": 8, 
         "thumb": "3-2012-07-27/59-5e45784a-bfc6-4efb-ba81-275a51da242d.0.jpeg"
      }
   }, 
   {
      "pk": 338, 
      "model": "pm.photo", 
      "fields": {
         "description": "", 
         "title": "Eingang in einen Wohnhaus der Industrialisierung", 
         "photo": "3-2012-07-27/59-6193955c-3e3a-41e1-bfdb-3aa8992d57bc.jpeg", 
         "place": 59, 
         "date": "2013-02-03T14:10:17.180", 
         "size": 808779, 
         "order": 9, 
         "thumb": "3-2012-07-27/59-6193955c-3e3a-41e1-bfdb-3aa8992d57bc.0.jpeg"
      }
   }, 
   {
      "pk": 339, 
      "model": "pm.photo", 
      "fields": {
         "description": "", 
         "title": "Wohnzimmer in einen Wohnhaus der Industrialisierung", 
         "photo": "3-2012-07-27/59-eaa97e59-ceed-44af-a64a-cfb241e48161.jpeg", 
         "place": 59, 
         "date": "2013-02-03T14:10:47.899", 
         "size": 1806265, 
         "order": 10, 
         "thumb": "3-2012-07-27/59-eaa97e59-ceed-44af-a64a-cfb241e48161.0.jpeg"
      }
   }, 
   {
      "pk": 340, 
      "model": "pm.photo", 
      "fields": {
         "description": "", 
         "title": "Kino (Industrialisierung)", 
         "photo": "3-2012-07-27/59-b371e873-9192-402e-a52b-7306718f990e.jpeg", 
         "place": 59, 
         "date": "2013-02-03T14:11:12.017", 
         "size": 1410249, 
         "order": 11, 
         "thumb": "3-2012-07-27/59-b371e873-9192-402e-a52b-7306718f990e.0.jpeg"
      }
   }, 
   {
      "pk": 341, 
      "model": "pm.photo", 
      "fields": {
         "description": "Damals waren auch schon alle Schaufensterpuppen Europ\u00e4er. ", 
         "title": "Einkaufstrasse (Industrialisierung)", 
         "photo": "3-2012-07-27/59-b39df142-af61-4c0a-8741-6e022d7cf046.jpeg", 
         "place": 59, 
         "date": "2013-02-03T14:11:31.608", 
         "size": 1012842, 
         "order": 12, 
         "thumb": "3-2012-07-27/59-b39df142-af61-4c0a-8741-6e022d7cf046.0.jpeg"
      }
   }, 
   {
      "pk": 360, 
      "model": "pm.photo", 
      "fields": {
         "description": "", 
         "title": "HEP FIVE Riesenrad", 
         "photo": "3-2012-07-27/63-e1126fd8-280d-48d5-81c7-ffb9bb8b5e5a.jpeg", 
         "place": 63, 
         "date": "2013-02-03T14:16:50.145", 
         "size": 1309872, 
         "order": 0, 
         "thumb": "3-2012-07-27/63-e1126fd8-280d-48d5-81c7-ffb9bb8b5e5a.0.jpeg"
      }
   }, 
   {
      "pk": 361, 
      "model": "pm.photo", 
      "fields": {
         "description": "", 
         "title": "Panorama \u00fcber Umeda", 
         "photo": "3-2012-07-27/63-c8a94579-bc65-4e27-9f98-b99635a346ab.jpeg", 
         "place": 63, 
         "date": "2013-02-03T14:16:58.487", 
         "size": 407103, 
         "order": 1, 
         "thumb": "3-2012-07-27/63-c8a94579-bc65-4e27-9f98-b99635a346ab.0.jpeg"
      }
   }, 
   {
      "pk": 363, 
      "model": "pm.photo", 
      "fields": {
         "description": "", 
         "title": "Ich auf dem Riesenrad", 
         "photo": "3-2012-07-27/63-f1007112-f2d8-4761-a680-cdcfa9c08d92.jpeg", 
         "place": 63, 
         "date": "2013-02-03T14:17:36.971", 
         "size": 1099039, 
         "order": 3, 
         "thumb": "3-2012-07-27/63-f1007112-f2d8-4761-a680-cdcfa9c08d92.0.jpeg"
      }
   }, 
   {
      "pk": 364, 
      "model": "pm.photo", 
      "fields": {
         "description": "", 
         "title": "Panorama \u00fcber Umeda", 
         "photo": "3-2012-07-27/63-d7699190-a61c-4da8-8486-4f0268faf961.jpeg", 
         "place": 63, 
         "date": "2013-02-03T14:18:07.191", 
         "size": 1767201, 
         "order": 4, 
         "thumb": "3-2012-07-27/63-d7699190-a61c-4da8-8486-4f0268faf961.0.jpeg"
      }
   }, 
   {
      "pk": 365, 
      "model": "pm.photo", 
      "fields": {
         "description": "", 
         "title": "Weihnachtswunschzettel", 
         "photo": "3-2012-07-27/63-43168b19-06ca-49b6-a2c8-b358b9378e1d.jpeg", 
         "place": 63, 
         "date": "2013-02-03T14:18:14.646", 
         "size": 292953, 
         "order": 5, 
         "thumb": "3-2012-07-27/63-43168b19-06ca-49b6-a2c8-b358b9378e1d.0.jpeg"
      }
   }, 
   {
      "pk": 366, 
      "model": "pm.photo", 
      "fields": {
         "description": "", 
         "title": "Maskottchen im Einkaufszentrum", 
         "photo": "3-2012-07-27/63-f6064d7b-f99e-4105-8cbc-63fc0b7f9d6e.jpeg", 
         "place": 63, 
         "date": "2013-02-03T14:18:35.047", 
         "size": 1226020, 
         "order": 6, 
         "thumb": "3-2012-07-27/63-f6064d7b-f99e-4105-8cbc-63fc0b7f9d6e.0.jpeg"
      }
   }, 
   {
      "pk": 370, 
      "model": "pm.photo", 
      "fields": {
         "description": "", 
         "title": "Eingang", 
         "photo": "3-2012-07-27/65-bb143774-8e64-4072-a2b5-a6f150c75f28.jpeg", 
         "place": 65, 
         "date": "2013-02-03T14:19:13.376", 
         "size": 1599107, 
         "order": 0, 
         "thumb": "3-2012-07-27/65-bb143774-8e64-4072-a2b5-a6f150c75f28.0.jpeg"
      }
   }, 
   {
      "pk": 371, 
      "model": "pm.photo", 
      "fields": {
         "description": "", 
         "title": "Gl\u00fchweinstand", 
         "photo": "3-2012-07-27/65-de647057-ce1c-49fc-8f7c-427475432c53.jpeg", 
         "place": 65, 
         "date": "2013-02-03T14:19:39.103", 
         "size": 1386441, 
         "order": 1, 
         "thumb": "3-2012-07-27/65-de647057-ce1c-49fc-8f7c-427475432c53.0.jpeg"
      }
   }, 
   {
      "pk": 372, 
      "model": "pm.photo", 
      "fields": {
         "description": "", 
         "title": "Lebkuchenhaus", 
         "photo": "3-2012-07-27/65-c3b62b6e-abe6-4914-8b86-776293b7b1d1.jpeg", 
         "place": 65, 
         "date": "2013-02-03T14:20:06.473", 
         "size": 1618234, 
         "order": 2, 
         "thumb": "3-2012-07-27/65-c3b62b6e-abe6-4914-8b86-776293b7b1d1.0.jpeg"
      }
   }, 
   {
      "pk": 373, 
      "model": "pm.photo", 
      "fields": {
         "description": "", 
         "title": "Lebkuchen", 
         "photo": "3-2012-07-27/65-eebb1481-f25c-4ff4-9f8b-3821e881fef6.jpeg", 
         "place": 65, 
         "date": "2013-02-03T14:20:13.541", 
         "size": 309302, 
         "order": 3, 
         "thumb": "3-2012-07-27/65-eebb1481-f25c-4ff4-9f8b-3821e881fef6.0.jpeg"
      }
   }, 
   {
      "pk": 374, 
      "model": "pm.photo", 
      "fields": {
         "description": "Mutzen sind wohl eine rheinische Spezialit\u00e4t. Hab ich in meinen Leben noch nicht gesehen.", 
         "title": "Mutzen", 
         "photo": "3-2012-07-27/65-864b4696-0df0-4381-bf88-eb4c5cd22197.jpeg", 
         "place": 65, 
         "date": "2013-02-03T14:20:19.273", 
         "size": 270202, 
         "order": 4, 
         "thumb": "3-2012-07-27/65-864b4696-0df0-4381-bf88-eb4c5cd22197.0.jpeg"
      }
   }, 
   {
      "pk": 375, 
      "model": "pm.photo", 
      "fields": {
         "description": "Es gab auch eine kleine Eisenbahn f\u00fcr Kinder, die durch einen schneebedeckten Kieferwald gefahren ist.", 
         "title": "Eisenbahn", 
         "photo": "3-2012-07-27/65-2714daec-c7d4-4a77-96f1-0a09d7ae4343.jpeg", 
         "place": 65, 
         "date": "2013-02-03T14:20:42.208", 
         "size": 1314954, 
         "order": 5, 
         "thumb": "3-2012-07-27/65-2714daec-c7d4-4a77-96f1-0a09d7ae4343.0.jpeg"
      }
   }, 
   {
      "pk": 376, 
      "model": "pm.photo", 
      "fields": {
         "description": "Wenn man genau von der Seite mit dem Henkel trinkt, blubbert die Tasse :)", 
         "title": "Nikolausschuh mit Gl\u00fchwein", 
         "photo": "3-2012-07-27/65-0b7f7b96-86c5-4fa4-b3cb-5c32bcd6f61c.jpeg", 
         "place": 65, 
         "date": "2013-02-03T14:21:00.586", 
         "size": 1028089, 
         "order": 6, 
         "thumb": "3-2012-07-27/65-0b7f7b96-86c5-4fa4-b3cb-5c32bcd6f61c.0.jpeg"
      }
   }, 
   {
      "pk": 377, 
      "model": "pm.photo", 
      "fields": {
         "description": "Man kann an einem kleinen Stand Futter f\u00fcr die Rehe kaufen. Normalerwei\u00dfe scharen sich dann 2-4 Rehen um einen rum, die dann auch anfangen einen mit dem Kopf zu rammen. Daneben haben die ein kleines Kind umgenockt.", 
         "title": "Aggressive Rehe", 
         "photo": "3-2012-07-27/66-32ff6681-c13d-43a9-a4c0-2f4846272e64.jpeg", 
         "place": 66, 
         "date": "2013-02-03T14:21:31.372", 
         "size": 1844975, 
         "order": 0, 
         "thumb": "3-2012-07-27/66-32ff6681-c13d-43a9-a4c0-2f4846272e64.0.jpeg"
      }
   }, 
   {
      "pk": 378, 
      "model": "pm.photo", 
      "fields": {
         "description": "Nara stellt herrvorragende Mochi, gef\u00fcllt mit roten Bohnen, her.", 
         "title": "Spezialit\u00e4t aus Nara", 
         "photo": "3-2012-07-27/66-22a8d8a6-8242-45e8-9dca-c46f33871d81.jpeg", 
         "place": 66, 
         "date": "2013-02-03T14:21:53.026", 
         "size": 1258159, 
         "order": 1, 
         "thumb": "3-2012-07-27/66-22a8d8a6-8242-45e8-9dca-c46f33871d81.0.jpeg"
      }
   }, 
   {
      "pk": 379, 
      "model": "pm.photo", 
      "fields": {
         "description": "", 
         "title": "Eine Gruppe von Rehen", 
         "photo": "3-2012-07-27/67-590a964e-1744-47aa-beee-a0b1a8b34f0a.jpeg", 
         "place": 67, 
         "date": "2013-02-03T14:22:30.091", 
         "size": 2115276, 
         "order": 0, 
         "thumb": "3-2012-07-27/67-590a964e-1744-47aa-beee-a0b1a8b34f0a.0.jpeg"
      }
   }, 
   {
      "pk": 380, 
      "model": "pm.photo", 
      "fields": {
         "description": "", 
         "title": "Steinlaternen im Park", 
         "photo": "3-2012-07-27/67-a97563a1-f7cb-4196-8fc9-6e77842f6608.jpeg", 
         "place": 67, 
         "date": "2013-02-03T14:23:03.550", 
         "size": 2021344, 
         "order": 1, 
         "thumb": "3-2012-07-27/67-a97563a1-f7cb-4196-8fc9-6e77842f6608.0.jpeg"
      }
   }, 
   {
      "pk": 381, 
      "model": "pm.photo", 
      "fields": {
         "description": "", 
         "title": "Rehen und Steinlaternen", 
         "photo": "3-2012-07-27/67-f204f4b1-8cf6-4808-99a2-848ccb743abe.jpeg", 
         "place": 67, 
         "date": "2013-02-03T14:23:29.099", 
         "size": 1528693, 
         "order": 2, 
         "thumb": "3-2012-07-27/67-f204f4b1-8cf6-4808-99a2-848ccb743abe.0.jpeg"
      }
   }, 
   {
      "pk": 383, 
      "model": "pm.photo", 
      "fields": {
         "description": "Wegfindung stiftet immer noch eine riesen Verwirrung, besonders da hier nur wenige Strasse Namen tragen.", 
         "title": "Immer noch Verwirrung", 
         "photo": "3-2012-07-27/69-c8978b46-d8d7-4545-a7a0-249e0b4e768a.jpeg", 
         "place": 69, 
         "date": "2013-02-03T14:24:03.190", 
         "size": 273981, 
         "order": 0, 
         "thumb": "3-2012-07-27/69-c8978b46-d8d7-4545-a7a0-249e0b4e768a.0.jpeg"
      }
   }, 
   {
      "pk": 384, 
      "model": "pm.photo", 
      "fields": {
         "description": "", 
         "title": "Automatenbatterie", 
         "photo": "3-2012-07-27/69-f4829907-b873-43e6-aa55-7b724d11d170.jpeg", 
         "place": 69, 
         "date": "2013-02-03T14:24:21.622", 
         "size": 1047099, 
         "order": 1, 
         "thumb": "3-2012-07-27/69-f4829907-b873-43e6-aa55-7b724d11d170.0.jpeg"
      }
   }, 
   {
      "pk": 385, 
      "model": "pm.photo", 
      "fields": {
         "description": "", 
         "title": "Blick zu anderen Seite", 
         "photo": "3-2012-07-27/69-2d200d98-9479-4ce4-afe1-da3db3922458.jpeg", 
         "place": 69, 
         "date": "2013-02-03T14:24:48.774", 
         "size": 1588454, 
         "order": 2, 
         "thumb": "3-2012-07-27/69-2d200d98-9479-4ce4-afe1-da3db3922458.0.jpeg"
      }
   }, 
   {
      "pk": 386, 
      "model": "pm.photo", 
      "fields": {
         "description": "japanische Kroketten", 
         "title": "gr\u00fcner Tee \u30b3\u30ed\u30c3\u30b1 (Korokke)", 
         "photo": "3-2012-07-27/69-0e74112d-a6b0-42c8-9ef6-a031ecf14696.jpeg", 
         "place": 69, 
         "date": "2013-02-03T14:25:09.530", 
         "size": 1208773, 
         "order": 3, 
         "thumb": "3-2012-07-27/69-0e74112d-a6b0-42c8-9ef6-a031ecf14696.0.jpeg"
      }
   }, 
   {
      "pk": 387, 
      "model": "pm.photo", 
      "fields": {
         "description": "", 
         "title": "\u7d05\u8449 (momiji)", 
         "photo": "3-2012-07-27/70-626e66b7-7c80-44ea-aeaf-b5287c5722e9.jpeg", 
         "place": 70, 
         "date": "2013-02-03T14:25:50.533", 
         "size": 2391585, 
         "order": 0, 
         "thumb": "3-2012-07-27/70-626e66b7-7c80-44ea-aeaf-b5287c5722e9.0.jpeg"
      }
   }, 
   {
      "pk": 390, 
      "model": "pm.photo", 
      "fields": {
         "description": "", 
         "title": "Vorbereitung f\u00fcr eine Beleuchtung", 
         "photo": "3-2012-07-27/72-138f3fb7-ea59-495f-8b41-2d15d4e2b9d4.jpeg", 
         "place": 72, 
         "date": "2013-02-03T14:27:19.550", 
         "size": 1999928, 
         "order": 0, 
         "thumb": "3-2012-07-27/72-138f3fb7-ea59-495f-8b41-2d15d4e2b9d4.0.jpeg"
      }
   }, 
   {
      "pk": 391, 
      "model": "pm.photo", 
      "fields": {
         "description": "Hier haben wir angefangen Panoramas zu schie\u00dfen auf denen wir beide drauf sind. Das funtkioniert ungef\u00e4hr so. Ich stell mich irgendwo hin, Jen macht ein Foto von mir. Danach wechsel wir ich stell mich an dieselbe Stelle mit derselben H\u00f6he und Jen steht im Bild. Jetzt wird das Panorama weitergeschossen.", 
         "title": "2 auf einem Panorama", 
         "photo": "3-2012-07-27/73-fbca3b94-c8cf-4e24-935f-661962efe741.jpeg", 
         "place": 73, 
         "date": "2013-02-03T14:27:42.968", 
         "size": 1367938, 
         "order": 0, 
         "thumb": "3-2012-07-27/73-fbca3b94-c8cf-4e24-935f-661962efe741.0.jpeg"
      }
   }, 
   {
      "pk": 392, 
      "model": "pm.photo", 
      "fields": {
         "description": "", 
         "title": "Weiter gehts...", 
         "photo": "3-2012-07-27/73-1fcaf0eb-37d4-47ef-9033-5617fbbb8c28.jpeg", 
         "place": 73, 
         "date": "2013-02-03T14:28:19.412", 
         "size": 1971512, 
         "order": 1, 
         "thumb": "3-2012-07-27/73-1fcaf0eb-37d4-47ef-9033-5617fbbb8c28.0.jpeg"
      }
   }, 
   {
      "pk": 393, 
      "model": "pm.photo", 
      "fields": {
         "description": "", 
         "title": "\u00f6ffentliches Telefon", 
         "photo": "3-2012-07-27/74-da3754af-7e88-4169-9804-c5c6738010c2.jpeg", 
         "place": 74, 
         "date": "2013-02-03T14:28:35.708", 
         "size": 831279, 
         "order": 0, 
         "thumb": "3-2012-07-27/74-da3754af-7e88-4169-9804-c5c6738010c2.0.jpeg"
      }
   }, 
   {
      "pk": 394, 
      "model": "pm.photo", 
      "fields": {
         "description": "", 
         "title": "Br\u00fcckenpanorama", 
         "photo": "3-2012-07-27/74-1fa197f1-b6e3-489b-b9aa-8a910cc56852.jpeg", 
         "place": 74, 
         "date": "2013-02-03T14:29:05.750", 
         "size": 1757001, 
         "order": 1, 
         "thumb": "3-2012-07-27/74-1fa197f1-b6e3-489b-b9aa-8a910cc56852.0.jpeg"
      }
   }, 
   {
      "pk": 404, 
      "model": "pm.photo", 
      "fields": {
         "description": "Der Rapid Express nach Koyasan erfordert eine Sitzplatzreservierung, deshalb wurden wir 2mal aus dem Zug geschmissen. Von dort sind wir dann mit dem Local weiter gefahren. Allerdings hat der alle 3 Stationen seine Endstation und wir mussten auf den n\u00e4chsten warten. Eine Sitzplatzreservierung kostet 40, doppelt so viel wie der normale Preis.", 
         "title": "Express Zug", 
         "photo": "3-2012-07-27/77-689bf9bb-b83f-4d03-83b6-a85ba5b9a36e.jpeg", 
         "place": 77, 
         "date": "2013-02-03T14:31:14.374", 
         "size": 187161, 
         "order": 1, 
         "thumb": "3-2012-07-27/77-689bf9bb-b83f-4d03-83b6-a85ba5b9a36e.0.jpeg"
      }
   }, 
   {
      "pk": 405, 
      "model": "pm.photo", 
      "fields": {
         "description": "", 
         "title": "Strommasten", 
         "photo": "3-2012-07-27/77-e07e14ee-84f3-42c1-b965-9ad94152a75b.jpeg", 
         "place": 77, 
         "date": "2013-02-03T14:31:20.875", 
         "size": 311035, 
         "order": 2, 
         "thumb": "3-2012-07-27/77-e07e14ee-84f3-42c1-b965-9ad94152a75b.0.jpeg"
      }
   }, 
   {
      "pk": 406, 
      "model": "pm.photo", 
      "fields": {
         "description": "Vom Zug gings dann in eine Cable Car.", 
         "title": "Cable Car", 
         "photo": "3-2012-07-27/77-df1b543e-1cf2-4daa-9579-17bdcf2743d0.jpeg", 
         "place": 77, 
         "date": "2013-02-03T14:31:46.923", 
         "size": 1502999, 
         "order": 3, 
         "thumb": "3-2012-07-27/77-df1b543e-1cf2-4daa-9579-17bdcf2743d0.0.jpeg"
      }
   }, 
   {
      "pk": 409, 
      "model": "pm.photo", 
      "fields": {
         "description": "", 
         "title": "Touristenzentrum (rechts)", 
         "photo": "3-2012-07-27/79-234578e7-2eba-4468-9e6a-c56c80528008.jpeg", 
         "place": 79, 
         "date": "2013-02-03T14:32:58.234", 
         "size": 1454035, 
         "order": 0, 
         "thumb": "3-2012-07-27/79-234578e7-2eba-4468-9e6a-c56c80528008.0.jpeg"
      }
   }, 
   {
      "pk": 411, 
      "model": "pm.photo", 
      "fields": {
         "description": "", 
         "title": "Eingang oku-no-in", 
         "photo": "3-2012-07-27/79-87ff0688-67a1-4ad8-924a-6a19bf361698.jpeg", 
         "place": 79, 
         "date": "2013-02-03T14:33:45.793", 
         "size": 1813407, 
         "order": 2, 
         "thumb": "3-2012-07-27/79-87ff0688-67a1-4ad8-924a-6a19bf361698.0.jpeg"
      }
   }, 
   {
      "pk": 412, 
      "model": "pm.photo", 
      "fields": {
         "description": "", 
         "title": "verschneiter Friedhof", 
         "photo": "3-2012-07-27/79-e2011f91-81a7-4468-9c60-b0153cfdaec6.jpeg", 
         "place": 79, 
         "date": "2013-02-03T14:34:06.483", 
         "size": 1191485, 
         "order": 3, 
         "thumb": "3-2012-07-27/79-e2011f91-81a7-4468-9c60-b0153cfdaec6.0.jpeg"
      }
   }, 
   {
      "pk": 413, 
      "model": "pm.photo", 
      "fields": {
         "description": "", 
         "title": "Nahaufnahme", 
         "photo": "3-2012-07-27/79-31f16a78-43d4-486f-97d6-c16e6209c4b9.jpeg", 
         "place": 79, 
         "date": "2013-02-03T14:34:12.551", 
         "size": 293969, 
         "order": 4, 
         "thumb": "3-2012-07-27/79-31f16a78-43d4-486f-97d6-c16e6209c4b9.0.jpeg"
      }
   }, 
   {
      "pk": 414, 
      "model": "pm.photo", 
      "fields": {
         "description": "", 
         "title": "Das Maskottchen Koyakun", 
         "photo": "3-2012-07-27/79-e2f60e34-c73f-4771-ab74-a32473343ff4.jpeg", 
         "place": 79, 
         "date": "2013-02-03T14:34:19.373", 
         "size": 258128, 
         "order": 5, 
         "thumb": "3-2012-07-27/79-e2f60e34-c73f-4771-ab74-a32473343ff4.0.jpeg"
      }
   }, 
   {
      "pk": 415, 
      "model": "pm.photo", 
      "fields": {
         "description": "", 
         "title": "H\u00e4nde im Schnee", 
         "photo": "3-2012-07-27/79-e349c366-6beb-4e7d-af54-8fad1b162cd5.jpeg", 
         "place": 79, 
         "date": "2013-02-03T14:34:23.238", 
         "size": 151443, 
         "order": 6, 
         "thumb": "3-2012-07-27/79-e349c366-6beb-4e7d-af54-8fad1b162cd5.0.jpeg"
      }
   }, 
   {
      "pk": 422, 
      "model": "pm.photo", 
      "fields": {
         "description": "", 
         "title": "Buddisthische Gottheit", 
         "photo": "3-2012-07-27/81-eb8c8947-b2d2-4bf3-b715-a62df6d1af39.jpeg", 
         "place": 81, 
         "date": "2013-02-03T14:36:27.007", 
         "size": 1604200, 
         "order": 1, 
         "thumb": "3-2012-07-27/81-eb8c8947-b2d2-4bf3-b715-a62df6d1af39.0.jpeg"
      }
   }, 
   {
      "pk": 423, 
      "model": "pm.photo", 
      "fields": {
         "description": "mit boogercicle. \u00dcbersetzung erspar ich mir mal ;)", 
         "title": "Buddisthische Gottheit", 
         "photo": "3-2012-07-27/81-46a6c47c-3bf6-4e70-89a2-4975f52b33bf.jpeg", 
         "place": 81, 
         "date": "2013-02-03T14:36:54.509", 
         "size": 1394569, 
         "order": 2, 
         "thumb": "3-2012-07-27/81-46a6c47c-3bf6-4e70-89a2-4975f52b33bf.0.jpeg"
      }
   }, 
   {
      "pk": 432, 
      "model": "pm.photo", 
      "fields": {
         "description": "Die Beleuchtung wird jedes Jahr von 3 - 5 Millionen Menschen besucht.", 
         "title": "Menschenmassen", 
         "photo": "3-2012-07-27/84-52a6ff2a-db1a-4989-b5f5-e257f1918a76.jpeg", 
         "place": 84, 
         "date": "2013-02-03T14:38:22.704", 
         "size": 282635, 
         "order": 0, 
         "thumb": "3-2012-07-27/84-52a6ff2a-db1a-4989-b5f5-e257f1918a76.0.jpeg"
      }
   }, 
   {
      "pk": 433, 
      "model": "pm.photo", 
      "fields": {
         "description": "", 
         "title": "Torbogen", 
         "photo": "3-2012-07-27/84-37ba7c8d-3044-4c7c-87b9-e993e93ce1e7.jpeg", 
         "place": 84, 
         "date": "2013-02-03T14:38:30.592", 
         "size": 418703, 
         "order": 1, 
         "thumb": "3-2012-07-27/84-37ba7c8d-3044-4c7c-87b9-e993e93ce1e7.0.jpeg"
      }
   }, 
   {
      "pk": 434, 
      "model": "pm.photo", 
      "fields": {
         "description": "", 
         "title": "Lichtschloss", 
         "photo": "3-2012-07-27/84-1c732508-39e7-47c1-9a59-ad483dc3feca.jpeg", 
         "place": 84, 
         "date": "2013-02-03T14:38:36.971", 
         "size": 313216, 
         "order": 2, 
         "thumb": "3-2012-07-27/84-1c732508-39e7-47c1-9a59-ad483dc3feca.0.jpeg"
      }
   }, 
   {
      "pk": 435, 
      "model": "pm.photo", 
      "fields": {
         "description": "", 
         "title": "Nahaufnahme", 
         "photo": "3-2012-07-27/84-6a01c19b-32c8-4b27-b2e2-cc00bd89da73.jpeg", 
         "place": 84, 
         "date": "2013-02-03T14:38:45.036", 
         "size": 413446, 
         "order": 3, 
         "thumb": "3-2012-07-27/84-6a01c19b-32c8-4b27-b2e2-cc00bd89da73.0.jpeg"
      }
   }, 
   {
      "pk": 436, 
      "model": "pm.photo", 
      "fields": {
         "description": "Japanische Manga Serie", 
         "title": "\u30c9\u30e9\u3048\u3082\u3093 (Doraemon)", 
         "photo": "3-2012-07-27/84-0e9137af-abe2-4d05-ae3f-c0ed458b416b.jpeg", 
         "place": 84, 
         "date": "2013-02-03T14:38:50.417", 
         "size": 252737, 
         "order": 4, 
         "thumb": "3-2012-07-27/84-0e9137af-abe2-4d05-ae3f-c0ed458b416b.0.jpeg"
      }
   }, 
   {
      "pk": 437, 
      "model": "pm.photo", 
      "fields": {
         "description": "", 
         "title": "D\u00f6nerstand", 
         "photo": "3-2012-07-27/84-b340d7c1-9d98-4f57-9e0a-f6269ccd1c8e.jpeg", 
         "place": 84, 
         "date": "2013-02-03T14:38:55.387", 
         "size": 224997, 
         "order": 5, 
         "thumb": "3-2012-07-27/84-b340d7c1-9d98-4f57-9e0a-f6269ccd1c8e.0.jpeg"
      }
   }, 
   {
      "pk": 438, 
      "model": "pm.photo", 
      "fields": {
         "description": "Bestenfalls ein Drittel von dem, was man in Deutschland f\u00fcr das gleiche Geld bekommt.", 
         "title": "5\u20ac D\u00f6ner", 
         "photo": "3-2012-07-27/84-0fe06caf-9085-4148-970e-b7c262b1acce.jpeg", 
         "place": 84, 
         "date": "2013-02-03T14:39:00.490", 
         "size": 229084, 
         "order": 6, 
         "thumb": "3-2012-07-27/84-0fe06caf-9085-4148-970e-b7c262b1acce.0.jpeg"
      }
   }, 
   {
      "pk": 1, 
      "model": "contenttypes.contenttype", 
      "fields": {
         "model": "album", 
         "name": "album", 
         "app_label": "pm"
      }
   }, 
   {
      "pk": 9, 
      "model": "contenttypes.contenttype", 
      "fields": {
         "model": "contenttype", 
         "name": "content type", 
         "app_label": "contenttypes"
      }
   }, 
   {
      "pk": 5, 
      "model": "contenttypes.contenttype", 
      "fields": {
         "model": "feed", 
         "name": "feed", 
         "app_label": "pm"
      }
   }, 
   {
      "pk": 7, 
      "model": "contenttypes.contenttype", 
      "fields": {
         "model": "group", 
         "name": "group", 
         "app_label": "auth"
      }
   }, 
   {
      "pk": 4, 
      "model": "contenttypes.contenttype", 
      "fields": {
         "model": "invitation", 
         "name": "invitation", 
         "app_label": "pm"
      }
   }, 
   {
      "pk": 12, 
      "model": "contenttypes.contenttype", 
      "fields": {
         "model": "logentry", 
         "name": "log entry", 
         "app_label": "admin"
      }
   }, 
   {
      "pk": 6, 
      "model": "contenttypes.contenttype", 
      "fields": {
         "model": "permission", 
         "name": "permission", 
         "app_label": "auth"
      }
   }, 
   {
      "pk": 3, 
      "model": "contenttypes.contenttype", 
      "fields": {
         "model": "photo", 
         "name": "photo", 
         "app_label": "pm"
      }
   }, 
   {
      "pk": 2, 
      "model": "contenttypes.contenttype", 
      "fields": {
         "model": "place", 
         "name": "place", 
         "app_label": "pm"
      }
   }, 
   {
      "pk": 10, 
      "model": "contenttypes.contenttype", 
      "fields": {
         "model": "session", 
         "name": "session", 
         "app_label": "sessions"
      }
   }, 
   {
      "pk": 14, 
      "model": "contenttypes.contenttype", 
      "fields": {
         "model": "share", 
         "name": "share", 
         "app_label": "pm"
      }
   }, 
   {
      "pk": 11, 
      "model": "contenttypes.contenttype", 
      "fields": {
         "model": "site", 
         "name": "site", 
         "app_label": "sites"
      }
   }, 
   {
      "pk": 8, 
      "model": "contenttypes.contenttype", 
      "fields": {
         "model": "user", 
         "name": "user", 
         "app_label": "auth"
      }
   }, 
   {
      "pk": 13, 
      "model": "contenttypes.contenttype", 
      "fields": {
         "model": "userprofile", 
         "name": "user profile", 
         "app_label": "pm"
      }
   }, 
   {
      "pk": "1ab43903283bd19975c5fa27db4cdada", 
      "model": "sessions.session", 
      "fields": {
         "expire_date": "2013-03-02T12:45:47.350", 
         "session_data": "YTFjZjJhODhmYzlhZTZmODkyYzc1ZjA4OGViYjQyODRhNmRhMjNkNjqAAn1xAShVEl9hdXRoX3Vz\nZXJfYmFja2VuZHECVSlwbS5jb250cm9sbGVyLmF1dGhlbnRpY2F0aW9uLkVtYWlsQmFja2VuZHED\nVQ1fYXV0aF91c2VyX2lkcQRLA3Uu\n"
      }
   }, 
   {
      "pk": "48542a2a395c3c4533fddbca84fe26c1", 
      "model": "sessions.session", 
      "fields": {
         "expire_date": "2012-09-12T00:18:31.326", 
         "session_data": "MjFmNTRhZThkNGU3ZTA3NWExY2NjZTNiNzUxNWQ4NTZhZWEzZjNiMjqAAn1xAShVDV9hdXRoX3Vz\nZXJfaWRLAVUSX2F1dGhfdXNlcl9iYWNrZW5kVSlwbS5jb250cm9sbGVyLmF1dGhlbnRpY2F0aW9u\nLkVtYWlsQmFja2VuZHECdS4=\n"
      }
   }, 
   {
      "pk": "8eaa0c1a180b8a4c28fccc31c5a5ff8f", 
      "model": "sessions.session", 
      "fields": {
         "expire_date": "2013-01-17T18:44:59.659", 
         "session_data": "Yzk3ODZiMTQ2NjllMmVkYWRlYjQ1NWRlODRjYjI5MTY3YjFkODM0NTqAAn1xAShVEl9hdXRoX3Vz\nZXJfYmFja2VuZHECVSlkamFuZ28uY29udHJpYi5hdXRoLmJhY2tlbmRzLk1vZGVsQmFja2VuZHED\nVQ1fYXV0aF91c2VyX2lkcQRLA3Uu\n"
      }
   }, 
   {
      "pk": "e10a8c0210cb057eb9f897edfd63c684", 
      "model": "sessions.session", 
      "fields": {
         "expire_date": "2013-01-17T19:03:35.495", 
         "session_data": "Yzk3ODZiMTQ2NjllMmVkYWRlYjQ1NWRlODRjYjI5MTY3YjFkODM0NTqAAn1xAShVEl9hdXRoX3Vz\nZXJfYmFja2VuZHECVSlkamFuZ28uY29udHJpYi5hdXRoLmJhY2tlbmRzLk1vZGVsQmFja2VuZHED\nVQ1fYXV0aF91c2VyX2lkcQRLA3Uu\n"
      }
   }, 
   {
      "pk": "05ee102c819d1228bb58bfe846a902e7", 
      "model": "sessions.session", 
      "fields": {
         "expire_date": "2013-01-17T19:05:08.913", 
         "session_data": "NDcyMzI2MjRkN2RlMGNmMzEzNTQ0YjU5NzE5MGYzZWU3NTYwYWE4NTqAAn1xAS4=\n"
      }
   }, 
   {
      "pk": "af5307d564807bfc9c087e9934ebb05d", 
      "model": "sessions.session", 
      "fields": {
         "expire_date": "2013-01-17T19:46:08.114", 
         "session_data": "Yzk3ODZiMTQ2NjllMmVkYWRlYjQ1NWRlODRjYjI5MTY3YjFkODM0NTqAAn1xAShVEl9hdXRoX3Vz\nZXJfYmFja2VuZHECVSlkamFuZ28uY29udHJpYi5hdXRoLmJhY2tlbmRzLk1vZGVsQmFja2VuZHED\nVQ1fYXV0aF91c2VyX2lkcQRLA3Uu\n"
      }
   }, 
   {
      "pk": "4086c4eb43ed1fc85cdc83cfad59cdeb", 
      "model": "sessions.session", 
      "fields": {
         "expire_date": "2013-03-02T14:53:10.630", 
         "session_data": "NDcyMzI2MjRkN2RlMGNmMzEzNTQ0YjU5NzE5MGYzZWU3NTYwYWE4NTqAAn1xAS4=\n"
      }
   }, 
   {
      "pk": "52d7b716b8b436ecca925904e35cf0f2", 
      "model": "sessions.session", 
      "fields": {
         "expire_date": "2013-01-17T19:57:03.071", 
         "session_data": "Yzk3ODZiMTQ2NjllMmVkYWRlYjQ1NWRlODRjYjI5MTY3YjFkODM0NTqAAn1xAShVEl9hdXRoX3Vz\nZXJfYmFja2VuZHECVSlkamFuZ28uY29udHJpYi5hdXRoLmJhY2tlbmRzLk1vZGVsQmFja2VuZHED\nVQ1fYXV0aF91c2VyX2lkcQRLA3Uu\n"
      }
   }, 
   {
      "pk": "22d67f77fe37145fe176f28798c26ffe", 
      "model": "sessions.session", 
      "fields": {
         "expire_date": "2013-01-17T20:02:44.425", 
         "session_data": "Yzk3ODZiMTQ2NjllMmVkYWRlYjQ1NWRlODRjYjI5MTY3YjFkODM0NTqAAn1xAShVEl9hdXRoX3Vz\nZXJfYmFja2VuZHECVSlkamFuZ28uY29udHJpYi5hdXRoLmJhY2tlbmRzLk1vZGVsQmFja2VuZHED\nVQ1fYXV0aF91c2VyX2lkcQRLA3Uu\n"
      }
   }, 
   {
      "pk": "45c5c946dbff26a96639552ab99b2173", 
      "model": "sessions.session", 
      "fields": {
         "expire_date": "2013-01-17T20:03:13.095", 
         "session_data": "Yzk3ODZiMTQ2NjllMmVkYWRlYjQ1NWRlODRjYjI5MTY3YjFkODM0NTqAAn1xAShVEl9hdXRoX3Vz\nZXJfYmFja2VuZHECVSlkamFuZ28uY29udHJpYi5hdXRoLmJhY2tlbmRzLk1vZGVsQmFja2VuZHED\nVQ1fYXV0aF91c2VyX2lkcQRLA3Uu\n"
      }
   }, 
   {
      "pk": "09022c9ef441fcafb43f59b428b56231", 
      "model": "sessions.session", 
      "fields": {
         "expire_date": "2013-01-17T22:16:00.719", 
         "session_data": "YTFjZjJhODhmYzlhZTZmODkyYzc1ZjA4OGViYjQyODRhNmRhMjNkNjqAAn1xAShVEl9hdXRoX3Vz\nZXJfYmFja2VuZHECVSlwbS5jb250cm9sbGVyLmF1dGhlbnRpY2F0aW9uLkVtYWlsQmFja2VuZHED\nVQ1fYXV0aF91c2VyX2lkcQRLA3Uu\n"
      }
   }, 
   {
      "pk": "cea47154978e7f7d73e3c54454052778", 
      "model": "sessions.session", 
      "fields": {
         "expire_date": "2013-02-08T14:58:04.939", 
         "session_data": "Yzk3ODZiMTQ2NjllMmVkYWRlYjQ1NWRlODRjYjI5MTY3YjFkODM0NTqAAn1xAShVEl9hdXRoX3Vz\nZXJfYmFja2VuZHECVSlkamFuZ28uY29udHJpYi5hdXRoLmJhY2tlbmRzLk1vZGVsQmFja2VuZHED\nVQ1fYXV0aF91c2VyX2lkcQRLA3Uu\n"
      }
   }, 
   {
      "pk": "194099395220b6b316ecaf5e5d93ff40", 
      "model": "sessions.session", 
      "fields": {
         "expire_date": "2013-02-08T14:59:58.749", 
         "session_data": "Yzk3ODZiMTQ2NjllMmVkYWRlYjQ1NWRlODRjYjI5MTY3YjFkODM0NTqAAn1xAShVEl9hdXRoX3Vz\nZXJfYmFja2VuZHECVSlkamFuZ28uY29udHJpYi5hdXRoLmJhY2tlbmRzLk1vZGVsQmFja2VuZHED\nVQ1fYXV0aF91c2VyX2lkcQRLA3Uu\n"
      }
   }, 
   {
      "pk": "f215bac4de4283f9aa73922eafb03b67", 
      "model": "sessions.session", 
      "fields": {
         "expire_date": "2013-02-08T15:03:56.465", 
         "session_data": "Yzk3ODZiMTQ2NjllMmVkYWRlYjQ1NWRlODRjYjI5MTY3YjFkODM0NTqAAn1xAShVEl9hdXRoX3Vz\nZXJfYmFja2VuZHECVSlkamFuZ28uY29udHJpYi5hdXRoLmJhY2tlbmRzLk1vZGVsQmFja2VuZHED\nVQ1fYXV0aF91c2VyX2lkcQRLA3Uu\n"
      }
   }, 
   {
      "pk": "9e48c09b01f06593363ecdd54c8246a6", 
      "model": "sessions.session", 
      "fields": {
         "expire_date": "2013-03-02T15:07:37.115", 
         "session_data": "YTFjZjJhODhmYzlhZTZmODkyYzc1ZjA4OGViYjQyODRhNmRhMjNkNjqAAn1xAShVEl9hdXRoX3Vz\nZXJfYmFja2VuZHECVSlwbS5jb250cm9sbGVyLmF1dGhlbnRpY2F0aW9uLkVtYWlsQmFja2VuZHED\nVQ1fYXV0aF91c2VyX2lkcQRLA3Uu\n"
      }
   }, 
   {
      "pk": "ca18f8d8958b4412b363b4b6cf70880e", 
      "model": "sessions.session", 
      "fields": {
         "expire_date": "2013-02-09T12:12:08.182", 
         "session_data": "Yzk3ODZiMTQ2NjllMmVkYWRlYjQ1NWRlODRjYjI5MTY3YjFkODM0NTqAAn1xAShVEl9hdXRoX3Vz\nZXJfYmFja2VuZHECVSlkamFuZ28uY29udHJpYi5hdXRoLmJhY2tlbmRzLk1vZGVsQmFja2VuZHED\nVQ1fYXV0aF91c2VyX2lkcQRLA3Uu\n"
      }
   }, 
   {
      "pk": "20411ef89b78c3d0b9b01d302344f533", 
      "model": "sessions.session", 
      "fields": {
         "expire_date": "2013-02-09T12:12:47.811", 
         "session_data": "NDcyMzI2MjRkN2RlMGNmMzEzNTQ0YjU5NzE5MGYzZWU3NTYwYWE4NTqAAn1xAS4=\n"
      }
   }, 
   {
      "pk": "535f46ba9eb8e96dcf7bae47e0f76dc9", 
      "model": "sessions.session", 
      "fields": {
         "expire_date": "2013-03-03T10:58:37.521", 
         "session_data": "YTFjZjJhODhmYzlhZTZmODkyYzc1ZjA4OGViYjQyODRhNmRhMjNkNjqAAn1xAShVEl9hdXRoX3Vz\nZXJfYmFja2VuZHECVSlwbS5jb250cm9sbGVyLmF1dGhlbnRpY2F0aW9uLkVtYWlsQmFja2VuZHED\nVQ1fYXV0aF91c2VyX2lkcQRLA3Uu\n"
      }
   }, 
   {
      "pk": "afb2102488c92f50b2295dba009c96a7", 
      "model": "sessions.session", 
      "fields": {
         "expire_date": "2013-02-13T17:24:29.549", 
         "session_data": "YTFjZjJhODhmYzlhZTZmODkyYzc1ZjA4OGViYjQyODRhNmRhMjNkNjqAAn1xAShVEl9hdXRoX3Vz\nZXJfYmFja2VuZHECVSlwbS5jb250cm9sbGVyLmF1dGhlbnRpY2F0aW9uLkVtYWlsQmFja2VuZHED\nVQ1fYXV0aF91c2VyX2lkcQRLA3Uu\n"
      }
   }, 
   {
      "pk": "e56f38dec90240c20f57cd676499d64e", 
      "model": "sessions.session", 
      "fields": {
         "expire_date": "2013-03-08T12:53:41.141", 
         "session_data": "NDcyMzI2MjRkN2RlMGNmMzEzNTQ0YjU5NzE5MGYzZWU3NTYwYWE4NTqAAn1xAS4=\n"
      }
   }, 
   {
      "pk": "e5e504981c498eefbcde72cc4136fafc", 
      "model": "sessions.session", 
      "fields": {
         "expire_date": "2013-02-16T16:43:28.421", 
         "session_data": "ZjIzOWM0ODIzNGFiMzk3ZTk0ODQyNWM1ZjU2MTY5YmI1NDNkZWU2YTqAAn1xAVUKdGVzdGNvb2tp\nZXECVQZ3b3JrZWRxA3Mu\n"
      }
   }, 
   {
      "pk": "5c85373e2dde12b90eca9e077df4ba7c", 
      "model": "sessions.session", 
      "fields": {
         "expire_date": "2013-02-17T12:41:01.005", 
         "session_data": "Yzk3ODZiMTQ2NjllMmVkYWRlYjQ1NWRlODRjYjI5MTY3YjFkODM0NTqAAn1xAShVEl9hdXRoX3Vz\nZXJfYmFja2VuZHECVSlkamFuZ28uY29udHJpYi5hdXRoLmJhY2tlbmRzLk1vZGVsQmFja2VuZHED\nVQ1fYXV0aF91c2VyX2lkcQRLA3Uu\n"
      }
   }, 
   {
      "pk": "7331c115a3887abff8172864d4dc950a", 
      "model": "sessions.session", 
      "fields": {
         "expire_date": "2013-02-17T12:41:58.005", 
         "session_data": "Yzk3ODZiMTQ2NjllMmVkYWRlYjQ1NWRlODRjYjI5MTY3YjFkODM0NTqAAn1xAShVEl9hdXRoX3Vz\nZXJfYmFja2VuZHECVSlkamFuZ28uY29udHJpYi5hdXRoLmJhY2tlbmRzLk1vZGVsQmFja2VuZHED\nVQ1fYXV0aF91c2VyX2lkcQRLA3Uu\n"
      }
   }, 
   {
      "pk": "d7bdad2859c50d52886fbc07526f35ef", 
      "model": "sessions.session", 
      "fields": {
         "expire_date": "2013-02-17T12:42:13.242", 
         "session_data": "Yzk3ODZiMTQ2NjllMmVkYWRlYjQ1NWRlODRjYjI5MTY3YjFkODM0NTqAAn1xAShVEl9hdXRoX3Vz\nZXJfYmFja2VuZHECVSlkamFuZ28uY29udHJpYi5hdXRoLmJhY2tlbmRzLk1vZGVsQmFja2VuZHED\nVQ1fYXV0aF91c2VyX2lkcQRLA3Uu\n"
      }
   }, 
   {
      "pk": "982509722e3f906324ea0a8b1492ce73", 
      "model": "sessions.session", 
      "fields": {
         "expire_date": "2013-03-08T12:56:37.446", 
         "session_data": "YTFjZjJhODhmYzlhZTZmODkyYzc1ZjA4OGViYjQyODRhNmRhMjNkNjqAAn1xAShVEl9hdXRoX3Vz\nZXJfYmFja2VuZHECVSlwbS5jb250cm9sbGVyLmF1dGhlbnRpY2F0aW9uLkVtYWlsQmFja2VuZHED\nVQ1fYXV0aF91c2VyX2lkcQRLA3Uu\n"
      }
   }, 
   {
      "pk": "dc1ff34f9461b146758e7b240aa48bff", 
      "model": "sessions.session", 
      "fields": {
         "expire_date": "2013-02-17T12:42:53.592", 
         "session_data": "Yzk3ODZiMTQ2NjllMmVkYWRlYjQ1NWRlODRjYjI5MTY3YjFkODM0NTqAAn1xAShVEl9hdXRoX3Vz\nZXJfYmFja2VuZHECVSlkamFuZ28uY29udHJpYi5hdXRoLmJhY2tlbmRzLk1vZGVsQmFja2VuZHED\nVQ1fYXV0aF91c2VyX2lkcQRLA3Uu\n"
      }
   }, 
   {
      "pk": "df6d278b11fad0f32c0e33a3d43994d7", 
      "model": "sessions.session", 
      "fields": {
         "expire_date": "2013-02-24T21:02:10.782", 
         "session_data": "YmE5NTE0Y2EwMGNlN2I3ZGM0ZGMxMDcwMzAxMGIwM2M1MzhjODE5MDqAAn1xAShVEl9hdXRoX3Vz\nZXJfYmFja2VuZHECVSlwbS5jb250cm9sbGVyLmF1dGhlbnRpY2F0aW9uLkVtYWlsQmFja2VuZHED\nVQ1fYXV0aF91c2VyX2lkcQRLAnUu\n"
      }
   }, 
   {
      "pk": "86383a72eb71ffe4aa38d94981862371", 
      "model": "sessions.session", 
      "fields": {
         "expire_date": "2013-02-25T13:10:41.999", 
         "session_data": "YTFjZjJhODhmYzlhZTZmODkyYzc1ZjA4OGViYjQyODRhNmRhMjNkNjqAAn1xAShVEl9hdXRoX3Vz\nZXJfYmFja2VuZHECVSlwbS5jb250cm9sbGVyLmF1dGhlbnRpY2F0aW9uLkVtYWlsQmFja2VuZHED\nVQ1fYXV0aF91c2VyX2lkcQRLA3Uu\n"
      }
   }, 
   {
      "pk": "2080165f9e75d57238ef70c7f03b7c31", 
      "model": "sessions.session", 
      "fields": {
         "expire_date": "2013-02-25T14:16:33.795", 
         "session_data": "YTFjZjJhODhmYzlhZTZmODkyYzc1ZjA4OGViYjQyODRhNmRhMjNkNjqAAn1xAShVEl9hdXRoX3Vz\nZXJfYmFja2VuZHECVSlwbS5jb250cm9sbGVyLmF1dGhlbnRpY2F0aW9uLkVtYWlsQmFja2VuZHED\nVQ1fYXV0aF91c2VyX2lkcQRLA3Uu\n"
      }
   }, 
   {
      "pk": "f6cb15e937d860b5e5821c03d30851af", 
      "model": "sessions.session", 
      "fields": {
         "expire_date": "2013-03-01T11:26:22.621", 
         "session_data": "YTFjZjJhODhmYzlhZTZmODkyYzc1ZjA4OGViYjQyODRhNmRhMjNkNjqAAn1xAShVEl9hdXRoX3Vz\nZXJfYmFja2VuZHECVSlwbS5jb250cm9sbGVyLmF1dGhlbnRpY2F0aW9uLkVtYWlsQmFja2VuZHED\nVQ1fYXV0aF91c2VyX2lkcQRLA3Uu\n"
      }
   }, 
   {
      "pk": 1, 
      "model": "sites.site", 
      "fields": {
         "domain": "example.com", 
         "name": "example.com"
      }
   }, 
   {
      "pk": 34, 
      "model": "auth.permission", 
      "fields": {
         "codename": "add_logentry", 
         "name": "Can add log entry", 
         "content_type": 12
      }
   }, 
   {
      "pk": 35, 
      "model": "auth.permission", 
      "fields": {
         "codename": "change_logentry", 
         "name": "Can change log entry", 
         "content_type": 12
      }
   }, 
   {
      "pk": 36, 
      "model": "auth.permission", 
      "fields": {
         "codename": "delete_logentry", 
         "name": "Can delete log entry", 
         "content_type": 12
      }
   }, 
   {
      "pk": 19, 
      "model": "auth.permission", 
      "fields": {
         "codename": "add_group", 
         "name": "Can add group", 
         "content_type": 7
      }
   }, 
   {
      "pk": 20, 
      "model": "auth.permission", 
      "fields": {
         "codename": "change_group", 
         "name": "Can change group", 
         "content_type": 7
      }
   }, 
   {
      "pk": 21, 
      "model": "auth.permission", 
      "fields": {
         "codename": "delete_group", 
         "name": "Can delete group", 
         "content_type": 7
      }
   }, 
   {
      "pk": 16, 
      "model": "auth.permission", 
      "fields": {
         "codename": "add_permission", 
         "name": "Can add permission", 
         "content_type": 6
      }
   }, 
   {
      "pk": 17, 
      "model": "auth.permission", 
      "fields": {
         "codename": "change_permission", 
         "name": "Can change permission", 
         "content_type": 6
      }
   }, 
   {
      "pk": 18, 
      "model": "auth.permission", 
      "fields": {
         "codename": "delete_permission", 
         "name": "Can delete permission", 
         "content_type": 6
      }
   }, 
   {
      "pk": 22, 
      "model": "auth.permission", 
      "fields": {
         "codename": "add_user", 
         "name": "Can add user", 
         "content_type": 8
      }
   }, 
   {
      "pk": 23, 
      "model": "auth.permission", 
      "fields": {
         "codename": "change_user", 
         "name": "Can change user", 
         "content_type": 8
      }
   }, 
   {
      "pk": 24, 
      "model": "auth.permission", 
      "fields": {
         "codename": "delete_user", 
         "name": "Can delete user", 
         "content_type": 8
      }
   }, 
   {
      "pk": 25, 
      "model": "auth.permission", 
      "fields": {
         "codename": "add_contenttype", 
         "name": "Can add content type", 
         "content_type": 9
      }
   }, 
   {
      "pk": 26, 
      "model": "auth.permission", 
      "fields": {
         "codename": "change_contenttype", 
         "name": "Can change content type", 
         "content_type": 9
      }
   }, 
   {
      "pk": 27, 
      "model": "auth.permission", 
      "fields": {
         "codename": "delete_contenttype", 
         "name": "Can delete content type", 
         "content_type": 9
      }
   }, 
   {
      "pk": 1, 
      "model": "auth.permission", 
      "fields": {
         "codename": "add_album", 
         "name": "Can add album", 
         "content_type": 1
      }
   }, 
   {
      "pk": 2, 
      "model": "auth.permission", 
      "fields": {
         "codename": "change_album", 
         "name": "Can change album", 
         "content_type": 1
      }
   }, 
   {
      "pk": 3, 
      "model": "auth.permission", 
      "fields": {
         "codename": "delete_album", 
         "name": "Can delete album", 
         "content_type": 1
      }
   }, 
   {
      "pk": 13, 
      "model": "auth.permission", 
      "fields": {
         "codename": "add_feed", 
         "name": "Can add feed", 
         "content_type": 5
      }
   }, 
   {
      "pk": 14, 
      "model": "auth.permission", 
      "fields": {
         "codename": "change_feed", 
         "name": "Can change feed", 
         "content_type": 5
      }
   }, 
   {
      "pk": 15, 
      "model": "auth.permission", 
      "fields": {
         "codename": "delete_feed", 
         "name": "Can delete feed", 
         "content_type": 5
      }
   }, 
   {
      "pk": 10, 
      "model": "auth.permission", 
      "fields": {
         "codename": "add_invitation", 
         "name": "Can add invitation", 
         "content_type": 4
      }
   }, 
   {
      "pk": 11, 
      "model": "auth.permission", 
      "fields": {
         "codename": "change_invitation", 
         "name": "Can change invitation", 
         "content_type": 4
      }
   }, 
   {
      "pk": 12, 
      "model": "auth.permission", 
      "fields": {
         "codename": "delete_invitation", 
         "name": "Can delete invitation", 
         "content_type": 4
      }
   }, 
   {
      "pk": 7, 
      "model": "auth.permission", 
      "fields": {
         "codename": "add_photo", 
         "name": "Can add photo", 
         "content_type": 3
      }
   }, 
   {
      "pk": 8, 
      "model": "auth.permission", 
      "fields": {
         "codename": "change_photo", 
         "name": "Can change photo", 
         "content_type": 3
      }
   }, 
   {
      "pk": 9, 
      "model": "auth.permission", 
      "fields": {
         "codename": "delete_photo", 
         "name": "Can delete photo", 
         "content_type": 3
      }
   }, 
   {
      "pk": 4, 
      "model": "auth.permission", 
      "fields": {
         "codename": "add_place", 
         "name": "Can add place", 
         "content_type": 2
      }
   }, 
   {
      "pk": 5, 
      "model": "auth.permission", 
      "fields": {
         "codename": "change_place", 
         "name": "Can change place", 
         "content_type": 2
      }
   }, 
   {
      "pk": 6, 
      "model": "auth.permission", 
      "fields": {
         "codename": "delete_place", 
         "name": "Can delete place", 
         "content_type": 2
      }
   }, 
   {
      "pk": 40, 
      "model": "auth.permission", 
      "fields": {
         "codename": "add_share", 
         "name": "Can add share", 
         "content_type": 14
      }
   }, 
   {
      "pk": 41, 
      "model": "auth.permission", 
      "fields": {
         "codename": "change_share", 
         "name": "Can change share", 
         "content_type": 14
      }
   }, 
   {
      "pk": 42, 
      "model": "auth.permission", 
      "fields": {
         "codename": "delete_share", 
         "name": "Can delete share", 
         "content_type": 14
      }
   }, 
   {
      "pk": 37, 
      "model": "auth.permission", 
      "fields": {
         "codename": "add_userprofile", 
         "name": "Can add user profile", 
         "content_type": 13
      }
   }, 
   {
      "pk": 38, 
      "model": "auth.permission", 
      "fields": {
         "codename": "change_userprofile", 
         "name": "Can change user profile", 
         "content_type": 13
      }
   }, 
   {
      "pk": 39, 
      "model": "auth.permission", 
      "fields": {
         "codename": "delete_userprofile", 
         "name": "Can delete user profile", 
         "content_type": 13
      }
   }, 
   {
      "pk": 28, 
      "model": "auth.permission", 
      "fields": {
         "codename": "add_session", 
         "name": "Can add session", 
         "content_type": 10
      }
   }, 
   {
      "pk": 29, 
      "model": "auth.permission", 
      "fields": {
         "codename": "change_session", 
         "name": "Can change session", 
         "content_type": 10
      }
   }, 
   {
      "pk": 30, 
      "model": "auth.permission", 
      "fields": {
         "codename": "delete_session", 
         "name": "Can delete session", 
         "content_type": 10
      }
   }, 
   {
      "pk": 31, 
      "model": "auth.permission", 
      "fields": {
         "codename": "add_site", 
         "name": "Can add site", 
         "content_type": 11
      }
   }, 
   {
      "pk": 32, 
      "model": "auth.permission", 
      "fields": {
         "codename": "change_site", 
         "name": "Can change site", 
         "content_type": 11
      }
   }, 
   {
      "pk": 33, 
      "model": "auth.permission", 
      "fields": {
         "codename": "delete_site", 
         "name": "Can delete site", 
         "content_type": 11
      }
   }, 
   {
      "pk": 1, 
      "model": "auth.user", 
      "fields": {
         "username": "admin", 
         "first_name": "", 
         "last_name": "", 
         "is_active": true, 
         "is_superuser": true, 
         "is_staff": true, 
         "last_login": "2012-07-27T18:01:47.672", 
         "groups": [], 
         "user_permissions": [], 
         "password": "pbkdf2_sha256$10000$eRDCihSB3YmN$C5jfQtJ5mYqnfUEWM7+NrrMfpLCuLzFozmDA8n/vf4c=", 
         "email": "admin@keiken.app", 
         "date_joined": "2012-07-27T18:01:47.672"
      }
   }, 
   {
      "pk": 4, 
      "model": "auth.user", 
      "fields": {
         "username": "", 
         "first_name": "", 
         "last_name": "", 
         "is_active": true, 
         "is_superuser": false, 
         "is_staff": false, 
         "last_login": "2012-11-25T15:19:04.066", 
         "groups": [], 
         "user_permissions": [], 
         "password": "pbkdf2_sha256$10000$WfPxk3egkOHk$R1U3icb2G2wb8MJ9VqbxNXXOnEtyvaJL/4RUcMVSam4=", 
         "email": "anna.lena.hoenig@gmail.com", 
         "date_joined": "2012-09-05T13:48:55.966"
      }
   }, 
   {
      "pk": 2, 
      "model": "auth.user", 
      "fields": {
         "username": "test", 
         "first_name": "", 
         "last_name": "", 
         "is_active": true, 
         "is_superuser": false, 
         "is_staff": false, 
         "last_login": "2013-02-15T11:25:30.665", 
         "groups": [], 
         "user_permissions": [], 
         "password": "pbkdf2_sha256$10000$sh0z0NvaYBTj$wDQGlwcpTuN8K6qI+duJCiyvNOvNKFchz9dNZj99/I4=", 
         "email": "test@keiken.app", 
         "date_joined": "2012-07-27T18:01:47.672"
      }
   }, 
   {
      "pk": 3, 
      "model": "auth.user", 
      "fields": {
         "username": "demo", 
         "first_name": "", 
         "last_name": "", 
         "is_active": true, 
         "is_superuser": false, 
         "is_staff": false, 
         "last_login": "2013-02-22T12:56:37.332", 
         "groups": [], 
         "user_permissions": [], 
         "password": "pbkdf2_sha256$10000$HUuJBmwOc6Mx$4DZYZ4hvPcvixBxaTr+7+ooSP0/8WET3vxbpuQiXCEs=", 
         "email": "demo@keiken.app", 
         "date_joined": "2012-07-27T18:01:47.672"
      }
   }, 
   {
      "pk": 2, 
      "model": "pm.userprofile", 
      "fields": {
         "picture": "", 
         "used_space": 164898, 
         "user": 2, 
         "quota": 367001600
      }
   }, 
   {
      "pk": 1, 
      "model": "pm.userprofile", 
      "fields": {
         "picture": "", 
         "used_space": 164898, 
         "user": 1, 
         "quota": 367001600
      }
   }, 
   {
      "pk": 4, 
      "model": "pm.userprofile", 
      "fields": {
         "picture": "", 
         "used_space": 8838685, 
         "user": 4, 
         "quota": 367001600
      }
   }, 
   {
      "pk": 3, 
      "model": "pm.userprofile", 
      "fields": {
         "picture": "", 
         "used_space": 98469671, 
         "user": 3, 
         "quota": 367001600
      }
   }, 
   {
      "pk": 1, 
      "model": "pm.album", 
      "fields": {
         "description": null, 
         "title": "Japan 2011/2012", 
         "country": "", 
         "lon": "135.76835600000001136322680395096540451049804687500000000000000000000000000000000000000000000000000000000000000000000000000000000000000000000000", 
         "lat": "35.01241399999999970304997987113893032073974609375000000000000000000000000000000000000000000000000000000000000000000000000000000000000000000000", 
         "secret": "P1LM5x0hqGfOiOuO7mpnAwdMtTEhzuYh17w44heuGLLV5YeWXl", 
         "user": 3, 
         "date": "2013-02-03T12:42:53.606", 
         "password": "!"
      }
   }
]